id,problem_id,ground_truth,seed,arm,episode_status,success,verified_outcome,predicted_status,provider_calls,accounted_cost_usd,provider_reported_cost_usd,accounting_margin_usd,uncertain_calls,transport_errors,wall_latency_ms,total_tokens,generated_usage_complete,provider_attempt_usage_complete,known_generated_token_subtotal,generated_candidates,evaluated_candidates,unevaluated_candidates,solver_calls,rounds,error
003c10fc8c0976c1a47f,linear-sat-0068,sat,29,one_shot,complete,1,CERTIFIED_SAT,sat,1,0.000176,0.00017516,8.399999999999987e-07,0,0,10662.707272917032,1692,True,True,1692,1,1,0,1,1,
00ddc4a961849020f32d,linear-unsat-0145,unsat,29,cd_vgs_core_rank,complete,1,CERTIFIED_UNSAT,unsat,4,6e-05,5.927e-05,7.300000000000015e-07,0,0,2102.0965930074453,1539,True,True,1539,4,1,3,1,1,
010727ca52cf66f81d55,linear-sat-0214,sat,29,multi_unsat_core_feedback,complete,0,BUDGET_EXCEEDED,,16,0.004573,0.004567349999999998,5.650000000002008e-06,0,0,187825.17783902586,43115,True,True,43115,16,16,0,1,4,
013f81cdcfcae67e8c15,linear-unsat-0026,unsat,43,cd_vgs_core_rank,complete,1,CERTIFIED_UNSAT,unsat,4,7.6e-05,7.306e-05,2.940000000000009e-06,0,0,2361.1569572240114,2002,True,True,2002,4,1,3,1,1,
01587f6ad034ba553832,linear-sat-0121,sat,29,multi_unsat_core_feedback,complete,1,CERTIFIED_SAT,sat,12,0.003243,0.0032379899999999996,5.0100000000001706e-06,0,0,220139.40021116287,28403,True,True,28403,12,9,3,2,3,
01c6aba622bef4f37646,linear-unsat-0078,unsat,43,multi_unsat_core_feedback,complete,1,CERTIFIED_UNSAT,unsat,4,8e-05,7.62e-05,3.800000000000011e-06,0,0,1972.0348259434104,2100,True,True,2100,4,1,3,1,1,
022f5f56af891ae78a0b,linear-unsat-0023,unsat,43,one_shot,complete,1,CERTIFIED_UNSAT,unsat,1,1.5e-05,1.497e-05,2.999999999999971e-08,0,0,407.3727149516344,389,True,True,389,1,1,0,1,1,
023e3d8fc2e3782cb1ef,linear-unsat-0166,unsat,17,cd_vgs_core_rank,complete,1,CERTIFIED_UNSAT,unsat,4,6.1e-05,6.001e-05,9.899999999999956e-07,0,0,1956.7601066082716,1557,True,True,1557,4,1,3,1,1,
03173e33d40054ae767f,linear-unsat-0085,unsat,17,multi_unsat_core_feedback,complete,1,CERTIFIED_UNSAT,unsat,4,6e-05,5.715e-05,2.8500000000000015e-06,0,0,2318.869585171342,1455,True,True,1455,4,1,3,1,1,
035ca892a37369023fb0,linear-unsat-0166,unsat,17,multi_unsat_core_feedback,complete,1,CERTIFIED_UNSAT,unsat,4,6e-05,5.988e-05,1.1999999999999885e-07,0,0,2184.5933282747865,1556,True,True,1556,4,1,3,1,1,
03e7623dce76e4458ce7,linear-unsat-0053,unsat,17,cd_vgs_core_rank,complete,1,CERTIFIED_UNSAT,unsat,4,9.2e-05,9.038e-05,1.6200000000000014e-06,0,0,2501.827626489103,2566,True,True,2566,4,1,3,1,1,
04272e8b5e96edd57648,linear-unsat-0168,unsat,17,one_shot,complete,1,CERTIFIED_UNSAT,unsat,1,1.8e-05,1.704e-05,9.60000000000001e-07,0,0,516.4664089679718,448,True,True,448,1,1,0,1,1,
04520e522c7f151ecee3,linear-unsat-0053,unsat,29,multi_no_feedback,complete,1,CERTIFIED_UNSAT,unsat,4,9.2e-05,9.012e-05,1.8800000000000023e-06,0,0,3221.3174756616354,2564,True,True,2564,4,1,3,1,1,
0544518c00b0013d07d6,linear-unsat-0053,unsat,17,multi_generic_feedback,complete,1,CERTIFIED_UNSAT,unsat,4,9.2e-05,9.038e-05,1.6200000000000014e-06,0,0,2684.1339487582445,2566,True,True,2566,4,1,3,1,1,
0577ac889ac9b3888782,linear-unsat-0085,unsat,29,multi_no_feedback,complete,1,CERTIFIED_UNSAT,unsat,4,6e-05,5.715e-05,2.8500000000000015e-06,0,0,2029.0553458034992,1455,True,True,1455,4,1,3,1,1,
064fd46da1403483a69b,linear-sat-0028,sat,29,cd_vgs_core_rank,complete,0,BUDGET_EXCEEDED,,16,0.003761,0.003753320000000001,7.679999999999059e-06,0,0,221570.6063825637,38324,True,True,38324,16,16,0,4,4,
06bc8e254a2de8f3f62b,linear-sat-0192,sat,17,cd_vgs_core_rank,complete,1,CERTIFIED_SAT,sat,4,0.00073,0.0007277599999999999,2.2400000000000328e-06,0,0,33602.80629526824,6632,True,True,6632,4,2,2,1,1,
06d379186e00f4c58d0e,linear-unsat-0145,unsat,29,multi_generic_feedback,complete,1,CERTIFIED_UNSAT,unsat,4,6e-05,5.953e-05,4.700000000000006e-07,0,0,2904.90928851068,1541,True,True,1541,4,1,3,1,1,
06ff951af200cdc7af57,linear-sat-0205,sat,43,cd_vgs_core_rank,complete,0,BUDGET_EXCEEDED,,16,0.004429,0.004418689999999999,1.0310000000000354e-05,0,0,293345.7381380722,40393,True,True,40393,16,16,0,1,4,
0752a0c96e308e48d422,linear-sat-0214,sat,43,cd_vgs_core_rank,complete,0,BUDGET_EXCEEDED,,16,0.004363,0.0043576599999999984,5.3400000000012465e-06,0,0,255902.7624707669,41502,True,True,41502,16,16,0,1,4,
0780bd745d7ebe377168,linear-sat-0214,sat,29,cd_vgs_core_rank,complete,0,BUDGET_EXCEEDED,,16,0.004576,0.004571119999999998,4.880000000002244e-06,0,0,253233.0015655607,43144,True,True,43144,16,16,0,0,4,
078172a2d6ecee070d0e,linear-sat-0063,sat,17,one_shot,complete,0,BUDGET_EXCEEDED,,1,0.000282,0.00028184,1.6000000000002557e-07,0,0,11028.040054254234,2568,True,True,2568,1,1,0,0,1,
079329ab2004939a0897,linear-unsat-0034,unsat,17,multi_unsat_core_feedback,complete,1,CERTIFIED_UNSAT,unsat,4,5.6e-05,5.464e-05,1.3600000000000005e-06,0,0,2396.1573280394077,1368,True,True,1368,4,1,3,1,1,
08491f424b412ac4877e,linear-unsat-0128,unsat,43,multi_unsat_core_feedback,complete,1,CERTIFIED_UNSAT,unsat,4,0.0001,9.955e-05,4.5000000000001094e-07,0,0,2150.2401120960712,2895,True,True,2895,4,1,3,1,1,
0886af7703bbbd34a48e,linear-sat-0233,sat,43,multi_generic_feedback,complete,1,CERTIFIED_SAT,sat,4,0.00045,0.00044831,1.6899999999999923e-06,0,0,31336.963204666972,4267,True,True,4267,4,1,3,1,1,
088b382b07602e2ce27e,linear-sat-0205,sat,43,one_shot,complete,0,BUDGET_EXCEEDED,,1,0.000281,0.0002804,6.000000000000146e-07,0,0,13816.369069740176,2520,True,True,2520,1,1,0,0,1,
08f10edcd08b9d4c9c19,linear-sat-0083,sat,17,cd_vgs_core_rank,complete,1,CERTIFIED_SAT,sat,4,0.000395,0.00039265999999999997,2.340000000000035e-06,0,0,17167.07321163267,4042,True,True,4042,4,1,3,1,1,
0a4c528b69323cf784b3,linear-sat-0028,sat,17,multi_generic_feedback,complete,0,BUDGET_EXCEEDED,,16,0.003469,0.003460410000000001,8.589999999998859e-06,0,0,173369.56851370633,36077,True,True,36077,16,16,0,5,4,
0aa36fecb3d86400120f,linear-sat-0063,sat,43,one_shot,complete,0,BUDGET_EXCEEDED,,1,0.000282,0.00028184,1.6000000000002557e-07,0,0,14614.347523078322,2568,True,True,2568,1,1,0,0,1,
0b1536981663d98f0d30,linear-unsat-0056,unsat,29,multi_generic_feedback,complete,1,CERTIFIED_UNSAT,unsat,4,7.6e-05,7.462e-05,1.3800000000000037e-06,0,0,2682.836674153805,2014,True,True,2014,4,1,3,1,1,
0b1fb6e38cb2ac083b6e,linear-sat-0156,sat,43,multi_no_feedback,complete,1,CERTIFIED_SAT,sat,4,0.000272,0.00027138,6.200000000000042e-07,0,0,14979.101879522204,2906,True,True,2906,4,1,3,1,1,
0b20c1e150f6ab3300f0,linear-sat-0184,sat,17,one_shot,complete,1,CERTIFIED_SAT,sat,1,0.000223,0.00022229,7.100000000000118e-07,0,0,10806.433303281665,2073,True,True,2073,1,1,0,1,1,
0b62ceb21042762815f0,linear-unsat-0173,unsat,17,cd_vgs_core_rank,complete,1,CERTIFIED_UNSAT,unsat,4,9.2e-05,9.008e-05,1.919999999999995e-06,0,0,1931.6334016621113,2576,True,True,2576,4,1,3,1,1,
0bb0caeb255a1b3ba2e1,linear-unsat-0026,unsat,43,one_shot,complete,1,CERTIFIED_UNSAT,unsat,1,1.9e-05,1.833e-05,6.700000000000021e-07,0,0,964.5577920600772,501,True,True,501,1,1,0,1,1,
0bd21e9117f579d6f79e,linear-sat-0022,sat,29,multi_generic_feedback,complete,0,BUDGET_EXCEEDED,,16,0.00454,0.004532720000000001,7.279999999998399e-06,0,0,221520.05532756448,41864,True,True,41864,16,16,0,0,4,
0c3828fd26c28ba289ba,linear-sat-0063,sat,43,cd_vgs_core_rank,complete,1,CERTIFIED_SAT,sat,8,0.002243,0.0022403299999999996,2.6700000000006233e-06,0,0,127064.5159855485,20501,True,True,20501,8,7,1,1,2,
0c770d7516347cc5ca7c,linear-unsat-0146,unsat,43,one_shot,complete,1,CERTIFIED_UNSAT,unsat,1,1.8e-05,1.775e-05,2.499999999999993e-07,0,0,602.9948517680168,475,True,True,475,1,1,0,1,1,
0cb9412cb7ed9c55ef1f,linear-sat-0022,sat,43,multi_no_feedback,complete,0,BUDGET_EXCEEDED,,16,0.004947,0.004242,0.0007049999999999999,1,1,347395.5230638385,,False,False,39000,16,16,0,0,4,
0cdd8f044795ecf098ab,linear-sat-0280,sat,17,multi_generic_feedback,complete,1,CERTIFIED_SAT,sat,4,0.000985,0.00098322,1.7800000000000541e-06,0,0,54526.20792668313,8954,True,True,8954,4,1,3,1,1,
0ce962348d8ae3438e3a,linear-sat-0230,sat,17,multi_unsat_core_feedback,complete,1,CERTIFIED_SAT,sat,4,0.000243,0.00024118000000000002,1.8199999999999792e-06,0,0,10466.149494983256,2606,True,True,2606,4,1,3,1,1,
0dd55fbdb90ecb6760a3,linear-unsat-0023,unsat,29,cd_vgs_core_rank,complete,1,CERTIFIED_UNSAT,unsat,4,6e-05,5.988e-05,1.1999999999999885e-07,0,0,2201.738126575947,1556,True,True,1556,4,1,3,1,1,
0e07730718a63c2c6b3d,linear-sat-0263,sat,29,one_shot,complete,0,BUDGET_EXCEEDED,,1,0.000282,0.00028184,1.6000000000002557e-07,0,0,19052.648223005235,2568,True,True,2568,1,1,0,0,1,
0f67b01ae0a4d1cae005,linear-sat-0244,sat,17,multi_unsat_core_feedback,complete,1,CERTIFIED_SAT,sat,4,0.001077,0.00107434,2.660000000000032e-06,0,0,58161.929627880454,9298,True,True,9298,4,4,0,1,1,
0f6800d5da7d9789e132,linear-sat-0156,sat,43,multi_unsat_core_feedback,complete,1,CERTIFIED_SAT,sat,4,0.000224,0.00022237,1.6299999999999963e-06,0,0,14964.053715579212,2529,True,True,2529,4,1,3,1,1,
100d6dfb6897f6653ff7,linear-unsat-0165,unsat,43,cd_vgs_core_rank,complete,1,CERTIFIED_UNSAT,unsat,4,6.1e-05,5.849e-05,2.5100000000000014e-06,0,0,2336.7872294038534,1533,True,True,1533,4,1,3,1,1,
106e1db4cbb105db6e57,linear-unsat-0010,unsat,17,cd_vgs_core_rank,complete,1,CERTIFIED_UNSAT,unsat,4,8.4e-05,8.170000000000001e-05,2.299999999999988e-06,0,0,2089.6297497674823,2290,True,True,2290,4,1,3,1,1,
10c9f4018e4c5da12f98,linear-sat-0244,sat,29,multi_unsat_core_feedback,complete,1,CERTIFIED_SAT,sat,8,0.001961,0.00195723,3.770000000000162e-06,0,0,101525.67614335567,17191,True,True,17191,8,5,3,1,2,
11583b780792f6eab67a,linear-sat-0068,sat,43,multi_unsat_core_feedback,complete,1,CERTIFIED_SAT,sat,4,0.000646,0.0006448700000000001,1.1299999999999028e-06,0,0,47535.90422868729,6339,True,True,6339,4,1,3,1,1,
11623ee10ebda3ab4deb,linear-unsat-0078,unsat,43,multi_generic_feedback,complete,1,CERTIFIED_UNSAT,unsat,4,7.9e-05,7.607e-05,2.9300000000000007e-06,0,0,2756.153549067676,2099,True,True,2099,4,1,3,1,1,
11b3bb83525ffae4d97b,linear-sat-0230,sat,29,one_shot,complete,1,CERTIFIED_SAT,sat,1,6.6e-05,6.53e-05,7.000000000000035e-07,0,0,3551.0719707235694,690,True,True,690,1,1,0,1,1,
1264f1e448555c82081a,linear-sat-0054,sat,29,one_shot,complete,0,BUDGET_EXCEEDED,,1,0.000284,0.00028388,1.1999999999999207e-07,0,0,13861.969412304461,2636,True,True,2636,1,1,0,0,1,
1285e7ea8791aefb1ed3,linear-sat-0137,sat,17,multi_no_feedback,complete,1,CERTIFIED_SAT,sat,4,0.000708,0.00070646,1.5399999999999615e-06,0,0,34315.14995638281,6382,True,True,6382,4,3,1,2,1,
13645244d8e91f91dbf9,linear-unsat-0125,unsat,43,multi_generic_feedback,complete,1,CERTIFIED_UNSAT,unsat,4,0.000103,9.994e-05,3.060000000000001e-06,0,0,2289.143716916442,2898,True,True,2898,4,1,3,1,1,
1368e23520ce04c9d8b7,linear-unsat-0165,unsat,17,multi_unsat_core_feedback,complete,1,CERTIFIED_UNSAT,unsat,4,6e-05,5.784e-05,2.1599999999999996e-06,0,0,1895.6715054810047,1528,True,True,1528,4,1,3,1,1,
141f86e3a46face2aeb2,linear-unsat-0125,unsat,29,multi_no_feedback,complete,1,CERTIFIED_UNSAT,unsat,4,0.000103,9.994e-05,3.060000000000001e-06,0,0,2230.3736098110676,2898,True,True,2898,4,1,3,1,1,
14c8f28e3c91116f2b58,linear-sat-0192,sat,43,cd_vgs_core_rank,complete,1,CERTIFIED_SAT,sat,4,0.001023,0.00102039,2.6100000000001122e-06,0,0,74859.6727270633,8883,True,True,8883,4,3,1,1,1,
1595a20b2f0c73905d76,linear-unsat-0010,unsat,29,multi_no_feedback,complete,1,CERTIFIED_UNSAT,unsat,4,8.4e-05,8.157e-05,2.4299999999999886e-06,0,0,2827.4523662403226,2289,True,True,2289,4,1,3,1,1,
15f1ca742b43b2761abc,linear-unsat-0165,unsat,29,multi_no_feedback,complete,1,CERTIFIED_UNSAT,unsat,4,6e-05,5.823e-05,1.7699999999999983e-06,0,0,3305.892927572131,1531,True,True,1531,4,1,3,1,1,
16e9d505b600919fa9de,linear-sat-0274,sat,17,one_shot,complete,1,CERTIFIED_SAT,sat,1,0.000189,0.00018881,1.9000000000001004e-07,0,0,10152.778962627053,1797,True,True,1797,1,1,0,1,1,
1746dedfb055b197c162,linear-sat-0233,sat,29,one_shot,complete,1,CERTIFIED_SAT,sat,1,0.000137,0.00013603,9.699999999999856e-07,0,0,7867.303957231343,1251,True,True,1251,1,1,0,1,1,
17d2da6ce6cfbb63a68c,linear-sat-0054,sat,17,multi_unsat_core_feedback,complete,0,BUDGET_EXCEEDED,,16,0.004556,0.0045499999999999985,6.000000000001664e-06,0,0,246256.03880546987,42440,True,True,42440,16,16,0,0,4,
18075feeddae7b37d254,linear-sat-0230,sat,43,multi_no_feedback,complete,1,CERTIFIED_SAT,sat,4,0.000225,0.00022337,1.6299999999999963e-06,0,0,14360.822767019272,2469,True,True,2469,4,3,1,3,1,
1820a7473594b71d192a,linear-unsat-0146,unsat,43,multi_generic_feedback,complete,1,CERTIFIED_UNSAT,unsat,4,7.2e-05,7.061e-05,1.3899999999999986e-06,0,0,2027.0843906328082,1897,True,True,1897,4,1,3,1,1,
18fa8427f1551a9ef107,linear-unsat-0145,unsat,17,cd_vgs_core_rank,complete,1,CERTIFIED_UNSAT,unsat,4,6e-05,5.94e-05,6.00000000000001e-07,0,0,2438.2392400875688,1540,True,True,1540,4,1,3,1,1,
19090ba086e7d170fe4a,linear-unsat-0166,unsat,43,cd_vgs_core_rank,complete,1,CERTIFIED_UNSAT,unsat,4,6e-05,5.975e-05,2.499999999999993e-07,0,0,2422.4303299561143,1555,True,True,1555,4,1,3,1,1,
191f4e87052bef7d6fd5,linear-sat-0137,sat,29,cd_vgs_core_rank,complete,1,CERTIFIED_SAT,sat,4,0.000789,0.00078706,1.9399999999999713e-06,0,0,41661.92051395774,7002,True,True,7002,4,1,3,1,1,
197abe6f2feebb662606,linear-unsat-0056,unsat,17,multi_no_feedback,complete,1,CERTIFIED_UNSAT,unsat,4,7.6e-05,7.436e-05,1.6400000000000046e-06,0,0,2026.008208282292,2012,True,True,2012,4,1,3,1,1,
19cef1bdc1857f848a37,linear-unsat-0078,unsat,43,one_shot,complete,1,CERTIFIED_UNSAT,unsat,1,2e-05,1.905e-05,9.500000000000028e-07,0,0,404.12848349660635,525,True,True,525,1,1,0,1,1,
1a8f7d12dbc4d3d7e805,linear-sat-0274,sat,17,multi_generic_feedback,complete,1,CERTIFIED_SAT,sat,4,0.000706,0.00070454,1.460000000000003e-06,0,0,49816.195516847074,6798,True,True,6798,4,1,3,1,1,
1b1d486520f20cc5d944,linear-sat-0039,sat,29,cd_vgs_core_rank,complete,1,CERTIFIED_SAT,sat,4,0.000778,0.00077636,1.6400000000000182e-06,0,0,33272.15376775712,7092,True,True,7092,4,1,3,1,1,
1b24f84e1244b369d186,linear-unsat-0053,unsat,43,multi_generic_feedback,complete,1,CERTIFIED_UNSAT,unsat,4,9.2e-05,9.012e-05,1.8800000000000023e-06,0,0,1827.3041248321533,2564,True,True,2564,4,1,3,1,1,
1b6a39218faae01760e9,linear-sat-0233,sat,17,one_shot,complete,1,CERTIFIED_SAT,sat,1,6.7e-05,6.648e-05,5.200000000000018e-07,0,0,6477.603175677359,716,True,True,716,1,1,0,1,1,
1bdcfe11e7d677f19088,linear-unsat-0128,unsat,17,multi_generic_feedback,complete,1,CERTIFIED_UNSAT,unsat,4,0.0001,9.968e-05,3.200000000000105e-07,0,0,1896.6535842046142,2896,True,True,2896,4,1,3,1,1,
1ca6ef2df856331995c4,linear-sat-0063,sat,17,cd_vgs_core_rank,complete,1,CERTIFIED_SAT,sat,8,0.002235,0.00223279,2.2099999999998857e-06,0,0,124312.88872659206,20443,True,True,20443,8,7,1,1,2,
1d77a7308d05158c1336,linear-unsat-0026,unsat,29,multi_no_feedback,complete,1,CERTIFIED_UNSAT,unsat,4,7.6e-05,7.319e-05,2.8100000000000087e-06,0,0,2229.0911115705967,2003,True,True,2003,4,1,3,1,1,
1e1293b0c25f06f3ef57,linear-sat-0214,sat,43,one_shot,complete,0,BUDGET_EXCEEDED,,1,0.000286,0.0002852,8.000000000000194e-07,0,0,18009.860396385193,2680,True,True,2680,1,1,0,0,1,
1e66ea5f6f95a0b34eb8,linear-sat-0156,sat,29,multi_unsat_core_feedback,complete,1,CERTIFIED_SAT,sat,4,0.000205,0.00020247999999999997,2.5200000000000233e-06,0,0,19303.804602473974,2376,True,True,2376,4,1,3,1,1,
1f13a134c928fb8f72b3,linear-sat-0192,sat,29,multi_unsat_core_feedback,complete,1,CERTIFIED_SAT,sat,4,0.000501,0.00049922,1.7800000000000541e-06,0,0,25211.40361018479,4874,True,True,4874,4,1,3,1,1,
1f28189a6d6e04854338,linear-unsat-0023,unsat,17,multi_no_feedback,complete,1,CERTIFIED_UNSAT,unsat,4,6e-05,5.962e-05,3.7999999999999975e-07,0,0,2163.6509438976645,1554,True,True,1554,4,1,3,1,1,
1f2d60712bc845ada300,linear-sat-0061,sat,29,multi_no_feedback,complete,1,CERTIFIED_SAT,sat,4,0.000714,0.00071264,1.3600000000000547e-06,0,0,28684.38559025526,6688,True,True,6688,4,1,3,1,1,
1f337c6536ae8d30a8ed,linear-unsat-0167,unsat,17,multi_unsat_core_feedback,complete,1,CERTIFIED_UNSAT,unsat,4,6.4e-05,6.324e-05,7.599999999999995e-07,0,0,1759.3599846586585,1668,True,True,1668,4,1,3,1,1,
1f5fc9a610996ff93d93,linear-sat-0214,sat,17,one_shot,complete,0,BUDGET_EXCEEDED,,1,0.000286,0.0002852,8.000000000000194e-07,0,0,18561.724757775664,2680,True,True,2680,1,1,0,0,1,
1fbc63cfa92c03de97be,linear-sat-0061,sat,43,multi_unsat_core_feedback,complete,1,CERTIFIED_SAT,sat,4,0.000735,0.0007324,2.5999999999999548e-06,0,0,63125.64014829695,6840,True,True,6840,4,1,3,1,1,
1fddb032bf26358f06d7,linear-sat-0244,sat,29,one_shot,complete,0,BUDGET_EXCEEDED,,1,0.000277,0.00027632,6.800000000000274e-07,0,0,15165.397047996521,2384,True,True,2384,1,1,0,0,1,
1ff48697a483c96b8d65,linear-unsat-0168,unsat,43,multi_unsat_core_feedback,complete,1,CERTIFIED_UNSAT,unsat,4,7.2e-05,6.816e-05,3.840000000000004e-06,0,0,2348.6313968896866,1792,True,True,1792,4,1,3,1,1,
207952429d00b8d2b810,linear-unsat-0168,unsat,29,multi_no_feedback,complete,1,CERTIFIED_UNSAT,unsat,4,7.1e-05,6.777e-05,3.230000000000008e-06,0,0,2636.1018773168325,1789,True,True,1789,4,1,3,1,1,
208fc1baf49980cf5306,linear-unsat-0165,unsat,29,multi_generic_feedback,complete,1,CERTIFIED_UNSAT,unsat,4,6.1e-05,5.8490000000000004e-05,2.5099999999999946e-06,0,0,2146.858979947865,1533,True,True,1533,4,1,3,1,1,
2100e94034e97768f3ab,linear-unsat-0145,unsat,43,cd_vgs_core_rank,complete,1,CERTIFIED_UNSAT,unsat,4,6e-05,5.94e-05,6.00000000000001e-07,0,0,2537.085784599185,1540,True,True,1540,4,1,3,1,1,
211f234c209040de75d8,linear-sat-0137,sat,17,one_shot,complete,1,CERTIFIED_SAT,sat,1,0.000199,0.00019878,2.200000000000216e-07,0,0,25466.15726687014,1766,True,True,1766,1,1,0,1,1,
217d219420644c61e375,linear-sat-0061,sat,29,multi_unsat_core_feedback,complete,1,CERTIFIED_SAT,sat,4,0.000709,0.00070731,1.6900000000000465e-06,0,0,59782.93627034873,6647,True,True,6647,4,1,3,1,1,
218a05d4169e2c8762e0,linear-sat-0063,sat,17,multi_no_feedback,complete,0,BUDGET_EXCEEDED,,16,0.004512,0.004509440000000002,2.5599999999986744e-06,0,0,275840.9260129556,41088,True,True,41088,16,16,0,0,4,
219a8af83b683d5f19ec,linear-unsat-0023,unsat,43,cd_vgs_core_rank,complete,1,CERTIFIED_UNSAT,unsat,4,6e-05,5.988e-05,1.1999999999999885e-07,0,0,2279.1318241506815,1556,True,True,1556,4,1,3,1,1,
21a9bad41a4160017b3a,linear-sat-0184,sat,17,multi_generic_feedback,complete,1,CERTIFIED_SAT,sat,8,0.002201,0.00219618,4.819999999999998e-06,0,0,200153.52188423276,19866,True,True,19866,8,5,3,1,2,
21d1b3e267970fb40a9f,linear-sat-0057,sat,17,one_shot,complete,0,BUDGET_EXCEEDED,,1,0.000284,0.000284,0.0,0,0,12427.014704793692,2640,True,True,2640,1,1,0,0,1,
2314d79b51c65f04f09f,linear-unsat-0173,unsat,17,multi_generic_feedback,complete,1,CERTIFIED_UNSAT,unsat,4,9.2e-05,9.008e-05,1.919999999999995e-06,0,0,2813.581065274775,2576,True,True,2576,4,1,3,1,1,
2454b206c5c1b0c0ee93,linear-sat-0063,sat,29,multi_unsat_core_feedback,complete,1,CERTIFIED_SAT,sat,8,0.00226,0.00225736,2.639999999999934e-06,0,0,166516.9439939782,20632,True,True,20632,8,7,1,1,2,
2490062cb6345f06bd73,linear-sat-0159,sat,29,multi_generic_feedback,complete,0,BUDGET_EXCEEDED,unsat,16,0.004078,0.00406616,1.1839999999999941e-05,0,0,232330.308184959,39752,True,True,39752,16,16,0,2,4,
24b4b57c4eabc2db075f,linear-sat-0274,sat,43,one_shot,complete,1,CERTIFIED_SAT,sat,1,0.000261,0.00026096,3.999999999997929e-08,0,0,15520.013530738652,2352,True,True,2352,1,1,0,1,1,
24f35e2218e11a2d5a98,linear-unsat-0044,unsat,17,multi_no_feedback,complete,1,CERTIFIED_UNSAT,unsat,4,0.000112,0.00011045,1.549999999999997e-06,0,0,2083.569317124784,3225,True,True,3225,4,1,3,1,1,
255953c51996dd12d4f0,linear-unsat-0148,unsat,43,multi_generic_feedback,complete,1,CERTIFIED_UNSAT,unsat,4,7.6e-05,7.332e-05,2.6800000000000082e-06,0,0,2514.3931759521365,2004,True,True,2004,4,1,3,1,1,
25bc8cee019f3080c6db,linear-sat-0214,sat,17,multi_no_feedback,complete,0,BUDGET_EXCEEDED,,16,0.004277,0.00426563,1.137000000000013e-05,0,0,174641.42318349332,40591,True,True,40591,16,16,0,3,4,
265a5c9c6affdb41879d,linear-sat-0230,sat,43,multi_generic_feedback,complete,1,CERTIFIED_SAT,sat,4,0.000233,0.00023169,1.3099999999999993e-06,0,0,15360.425375401974,2533,True,True,2533,4,1,3,1,1,
267172f261d707e8eea3,linear-sat-0083,sat,17,multi_unsat_core_feedback,complete,1,CERTIFIED_SAT,sat,4,0.00037,0.00036835000000000004,1.6499999999999588e-06,0,0,20466.64504520595,3855,True,True,3855,4,1,3,1,1,
275268109a62f32898e3,linear-sat-0214,sat,17,multi_generic_feedback,complete,0,BUDGET_EXCEEDED,,16,0.004404,0.004398869999999998,5.130000000001626e-06,0,0,180071.63068186492,41819,True,True,41819,16,16,0,1,4,
2775244eebe18bfcd851,linear-unsat-0056,unsat,43,one_shot,complete,1,CERTIFIED_UNSAT,unsat,1,1.9e-05,1.872e-05,2.800000000000007e-07,0,0,651.2779612094164,504,True,True,504,1,1,0,1,1,
29264b0196a2cc893add,linear-unsat-0167,unsat,29,cd_vgs_core_rank,complete,1,CERTIFIED_UNSAT,unsat,4,6.4e-05,6.324e-05,7.599999999999995e-07,0,0,2084.6567805856466,1668,True,True,1668,4,1,3,1,1,
2af8183b15718a450175,linear-unsat-0085,unsat,43,multi_unsat_core_feedback,complete,1,CERTIFIED_UNSAT,unsat,4,6e-05,5.715e-05,2.8500000000000015e-06,0,0,1931.7737016826868,1455,True,True,1455,4,1,3,1,1,
2b2f8f1ee28762b03351,linear-sat-0137,sat,43,one_shot,complete,1,CERTIFIED_SAT,sat,1,0.000209,0.00020866,3.400000000000137e-07,0,0,16705.929557792842,1842,True,True,1842,1,1,0,1,1,
2b3431601402fca2cb7e,linear-sat-0274,sat,43,cd_vgs_core_rank,complete,1,CERTIFIED_SAT,sat,4,0.00079,0.0007886499999999999,1.3500000000001141e-06,0,0,34198.49815312773,7445,True,True,7445,4,1,3,1,1,
2ccc87f44baff6051b7c,linear-sat-0280,sat,17,multi_unsat_core_feedback,complete,1,CERTIFIED_SAT,sat,4,0.000938,0.0009364200000000001,1.5799999999999408e-06,0,0,63790.82176461816,8594,True,True,8594,4,1,3,1,1,
2ce56760ebec0a2c8346,linear-sat-0156,sat,17,one_shot,complete,1,CERTIFIED_SAT,sat,1,5.5e-05,5.478e-05,2.2000000000000128e-07,0,0,2899.779454804957,626,True,True,626,1,1,0,1,1,
2ce6c865b552da7eafcd,linear-unsat-0145,unsat,29,multi_unsat_core_feedback,complete,1,CERTIFIED_UNSAT,unsat,4,6e-05,5.927e-05,7.300000000000015e-07,0,0,1968.4512661769986,1539,True,True,1539,4,1,3,1,1,
2d2751223fbba392ffeb,linear-sat-0280,sat,43,multi_no_feedback,complete,1,CERTIFIED_SAT,sat,4,0.001103,0.00110165,1.3500000000000057e-06,0,0,50475.77950544655,9865,True,True,9865,4,4,0,1,1,
2db9d18604b71e23f145,linear-sat-0022,sat,43,cd_vgs_core_rank,complete,0,BUDGET_EXCEEDED,,16,0.00454,0.004532720000000001,7.279999999998399e-06,0,0,317574.2546329275,41864,True,True,41864,16,16,0,0,4,
2dffcce4f8bbf8b9fb46,linear-sat-0057,sat,43,one_shot,complete,0,BUDGET_EXCEEDED,,1,0.000284,0.000284,0.0,0,0,14856.230780482292,2640,True,True,2640,1,1,0,0,1,
2e2773c821b5bdefe68a,linear-sat-0083,sat,17,multi_generic_feedback,complete,1,CERTIFIED_SAT,sat,4,0.000418,0.00041593,2.0700000000000124e-06,0,0,21243.866927921772,4221,True,True,4221,4,1,3,1,1,
2e32b3b165f518aa765f,linear-sat-0263,sat,17,multi_generic_feedback,complete,0,BUDGET_EXCEEDED,,16,0.004356,0.004349269999999999,6.730000000000798e-06,0,0,269602.40974649787,40059,True,True,40059,16,16,0,2,4,
2ea83d06802e0ded0ebf,linear-unsat-0173,unsat,43,one_shot,complete,1,CERTIFIED_UNSAT,unsat,1,2.3e-05,2.252e-05,4.799999999999988e-07,0,0,503.9311368018389,644,True,True,644,1,1,0,1,1,
2ece1bb0fd191bbd8e54,linear-sat-0205,sat,17,one_shot,complete,0,BUDGET_EXCEEDED,,1,0.000281,0.0002804,6.000000000000146e-07,0,0,29284.780197776854,2520,True,True,2520,1,1,0,0,1,
2f72f3b276113af1fc7e,linear-sat-0028,sat,29,multi_unsat_core_feedback,complete,0,BUDGET_EXCEEDED,,16,0.003941,0.00393309,7.909999999999862e-06,0,0,191741.5351178497,39713,True,True,39713,16,16,0,4,4,
2fb3010ef3fd98b019d0,linear-sat-0121,sat,43,multi_unsat_core_feedback,complete,1,CERTIFIED_SAT,sat,4,0.001028,0.00102466,3.3400000000001137e-06,0,0,49565.53775444627,9002,True,True,9002,4,4,0,1,1,
302515477748b461f0c9,linear-unsat-0167,unsat,17,one_shot,complete,1,CERTIFIED_UNSAT,unsat,1,1.6e-05,1.581e-05,1.8999999999999987e-07,0,0,509.64799243956804,417,True,True,417,1,1,0,1,1,
30292db84eee32aad06f,linear-unsat-0168,unsat,29,multi_unsat_core_feedback,complete,1,CERTIFIED_UNSAT,unsat,4,7.1e-05,6.803e-05,2.970000000000007e-06,0,0,2100.9472217410803,1791,True,True,1791,4,1,3,1,1,
304660a6be1d0a64f3cf,linear-unsat-0168,unsat,29,one_shot,complete,1,CERTIFIED_UNSAT,unsat,1,1.8e-05,1.704e-05,9.60000000000001e-07,0,0,487.98222187906504,448,True,True,448,1,1,0,1,1,
30a342097698f8d7d856,linear-sat-0022,sat,43,one_shot,complete,0,BUDGET_EXCEEDED,,1,0.000283,0.0002828,2.0000000000000486e-07,0,0,14367.023383267224,2600,True,True,2600,1,1,0,0,1,
311a211858b15cda4bbb,linear-unsat-0165,unsat,43,multi_no_feedback,complete,1,CERTIFIED_UNSAT,unsat,4,6.1e-05,5.849e-05,2.5100000000000014e-06,0,0,1954.6559415757656,1533,True,True,1533,4,1,3,1,1,
3238de3d3dc583d0273c,linear-unsat-0176,unsat,29,one_shot,complete,1,CERTIFIED_UNSAT,unsat,1,2e-05,1.905e-05,9.500000000000028e-07,0,0,458.1318562850356,525,True,True,525,1,1,0,1,1,
32fe709b637100105b7f,linear-sat-0274,sat,43,multi_no_feedback,complete,1,CERTIFIED_SAT,sat,4,0.000757,0.00075511,1.889999999999943e-06,0,0,57702.45189592242,7187,True,True,7187,4,4,0,3,1,
3330ff5cb60322244c10,linear-sat-0214,sat,17,multi_unsat_core_feedback,complete,0,BUDGET_EXCEEDED,,16,0.004576,0.004571119999999998,4.880000000002244e-06,0,0,311787.691003643,43144,True,True,43144,16,16,0,0,4,
338cbd6a0540b82ed9c0,linear-sat-0039,sat,17,multi_generic_feedback,complete,1,CERTIFIED_SAT,sat,4,0.000689,0.0006869199999999999,2.0800000000001156e-06,0,0,43965.56059271097,6404,True,True,6404,4,1,3,1,1,
346ff41cff31f3eff96c,linear-sat-0261,sat,43,multi_unsat_core_feedback,complete,0,BUDGET_EXCEEDED,,16,0.004448,0.00443497,1.3029999999999813e-05,0,0,250483.6408579722,40949,True,True,40949,16,16,0,2,4,
3596440671907aa74f2a,linear-sat-0274,sat,43,multi_unsat_core_feedback,complete,1,CERTIFIED_SAT,sat,4,0.000824,0.0008223200000000001,1.679999999999889e-06,0,0,54712.59539294988,7704,True,True,7704,4,3,1,2,1,
35bb1e6d173d5bae5b15,linear-sat-0184,sat,29,cd_vgs_core_rank,complete,1,CERTIFIED_SAT,sat,8,0.002141,0.00213573,5.2699999999999275e-06,0,0,121648.41482136399,19401,True,True,19401,8,8,0,1,2,
36545e17b3e436fd10b6,linear-sat-0061,sat,17,multi_generic_feedback,complete,1,CERTIFIED_SAT,sat,4,0.000599,0.00059616,2.8400000000000473e-06,0,0,26916.193044744432,5792,True,True,5792,4,1,3,1,1,
3687c18a9b4674a37309,linear-sat-0159,sat,17,one_shot,complete,0,BUDGET_EXCEEDED,,1,0.000287,0.0002864,5.999999999999604e-07,0,0,12267.294366843998,2720,True,True,2720,1,1,0,0,1,
368e72e6fe28d928682b,linear-sat-0214,sat,43,multi_generic_feedback,complete,0,BUDGET_EXCEEDED,,16,0.004546,0.004541609999999998,4.390000000001684e-06,0,0,354729.1939454153,42917,True,True,42917,16,16,0,1,4,
36b69c419755e04ebdb6,linear-unsat-0034,unsat,17,cd_vgs_core_rank,complete,1,CERTIFIED_UNSAT,unsat,4,5.6e-05,5.464e-05,1.3600000000000005e-06,0,0,2129.150405526161,1368,True,True,1368,4,1,3,1,1,
379d226092d1b41b7ee8,linear-sat-0137,sat,29,multi_generic_feedback,complete,1,CERTIFIED_SAT,sat,4,0.00067,0.00066824,1.7600000000000645e-06,0,0,39885.07987372577,6088,True,True,6088,4,1,3,1,1,
37a0c0416d37427df1e1,linear-unsat-0078,unsat,17,multi_generic_feedback,complete,1,CERTIFIED_UNSAT,unsat,4,7.9e-05,7.607e-05,2.9300000000000007e-06,0,0,1705.692500807345,2099,True,True,2099,4,1,3,1,1,
3873e5206a74f5f16308,linear-unsat-0044,unsat,43,multi_unsat_core_feedback,complete,1,CERTIFIED_UNSAT,unsat,4,0.000112,0.00011032,1.6799999999999975e-06,0,0,2638.465739786625,3224,True,True,3224,4,1,3,1,1,
387ed1bfba449dfd3627,linear-sat-0057,sat,29,multi_unsat_core_feedback,complete,0,BUDGET_EXCEEDED,,16,0.004295,0.00429075,4.2499999999999136e-06,0,0,180345.18213104457,40495,True,True,40495,16,16,0,2,4,
3892275ed1d35d49049a,linear-unsat-0034,unsat,29,one_shot,complete,1,CERTIFIED_UNSAT,unsat,1,1.4e-05,1.366e-05,3.4000000000000013e-07,0,0,465.96213802695274,342,True,True,342,1,1,0,1,1,
392371867f18781d2336,linear-sat-0197,sat,29,multi_generic_feedback,complete,0,BUDGET_EXCEEDED,,16,0.003576,0.0035680899999999995,7.910000000000729e-06,0,0,197254.89247217774,36413,True,True,36413,16,16,0,4,4,
395f68a629b027f5e482,linear-sat-0230,sat,43,one_shot,complete,1,CERTIFIED_SAT,sat,1,7.3e-05,7.297e-05,2.999999999999802e-08,0,0,2879.3497616425157,749,True,True,749,1,1,0,1,1,
3a02631cf65743ab6dc8,linear-sat-0233,sat,17,cd_vgs_core_rank,complete,1,CERTIFIED_SAT,sat,4,0.000333,0.00033144,1.5600000000000054e-06,0,0,19843.748671002686,3368,True,True,3368,4,1,3,1,1,
3a1b22da197514823d0f,linear-sat-0061,sat,43,multi_no_feedback,complete,1,CERTIFIED_SAT,sat,4,0.000749,0.00074644,2.5599999999999755e-06,0,0,46859.78588089347,6948,True,True,6948,4,1,3,1,1,
3a21a6acf380184b8208,linear-sat-0192,sat,29,cd_vgs_core_rank,complete,1,CERTIFIED_SAT,sat,4,0.000506,0.00050325,2.7500000000000397e-06,0,0,23844.58686877042,4905,True,True,4905,4,1,3,1,1,
3a9f1d27cd833bf18eb7,linear-sat-0184,sat,43,multi_unsat_core_feedback,complete,1,CERTIFIED_SAT,sat,4,0.001009,0.0010072,1.7999999999999353e-06,0,0,90869.16748527437,9200,True,True,9200,4,1,3,1,1,
3b6869d207c6924ab7c7,linear-sat-0061,sat,43,cd_vgs_core_rank,complete,1,CERTIFIED_SAT,sat,4,0.000728,0.00072616,1.840000000000023e-06,0,0,48693.08377522975,6792,True,True,6792,4,3,1,3,1,
3c309fd3494cccad02b0,linear-sat-0230,sat,29,multi_unsat_core_feedback,complete,1,CERTIFIED_SAT,sat,4,0.000268,0.00026614,1.8600000000000127e-06,0,0,10771.849412471056,2798,True,True,2798,4,1,3,1,1,
3c513a54cf83ed08c024,linear-sat-0242,sat,17,multi_generic_feedback,stopped,0,,,14,0.003785,0.003776249999999999,8.750000000001378e-06,0,0,233855.99239822477,,False,False,,,,,,,StudyStopped
3c61e11ad3898facc8a7,linear-unsat-0023,unsat,43,multi_generic_feedback,complete,1,CERTIFIED_UNSAT,unsat,4,6e-05,5.988e-05,1.1999999999999885e-07,0,0,2002.27533839643,1556,True,True,1556,4,1,3,1,1,
3d389cb9f9fe1941d55a,linear-sat-0186,sat,17,one_shot,complete,0,BUDGET_EXCEEDED,,1,0.000289,0.0002888,1.9999999999995065e-07,0,0,14096.139469183981,2800,True,True,2800,1,1,0,0,1,
3d832cb0bf5557903b4c,linear-unsat-0146,unsat,17,multi_no_feedback,complete,1,CERTIFIED_UNSAT,unsat,4,7.2e-05,7.061e-05,1.3899999999999986e-06,0,0,2003.0582090839744,1897,True,True,1897,4,1,3,1,1,
3da91a725280dc6104ff,linear-sat-0244,sat,43,one_shot,complete,0,BUDGET_EXCEEDED,,1,0.000277,0.00027632,6.800000000000274e-07,0,0,14210.108121857047,2384,True,True,2384,1,1,0,0,1,
3e021ead28818905841c,linear-unsat-0125,unsat,17,multi_unsat_core_feedback,complete,1,CERTIFIED_UNSAT,unsat,4,0.000102,9.994e-05,2.060000000000004e-06,0,0,1797.4619939923286,2898,True,True,2898,4,1,3,1,1,
3e4b56074173ec7bd869,linear-unsat-0148,unsat,29,multi_no_feedback,complete,1,CERTIFIED_UNSAT,unsat,4,7.6e-05,7.345e-05,2.5500000000000078e-06,0,0,2215.5030984431505,2005,True,True,2005,4,1,3,1,1,
3e4fe0e6513280b0cc3c,linear-unsat-0145,unsat,29,one_shot,complete,1,CERTIFIED_UNSAT,unsat,1,1.5e-05,1.485e-05,1.5000000000000026e-07,0,0,492.7988834679127,385,True,True,385,1,1,0,1,1,
3f4f508fb0aec67c7dcd,linear-sat-0063,sat,29,multi_no_feedback,complete,1,CERTIFIED_SAT,sat,12,0.003344,0.0033412600000000004,2.739999999999774e-06,0,0,147122.15139437467,30502,True,True,30502,12,9,3,1,3,
3fb22a22da8d6e8b00c9,linear-sat-0192,sat,17,multi_no_feedback,complete,1,CERTIFIED_SAT,sat,4,0.000886,0.0008833700000000001,2.629999999999885e-06,0,0,46921.29939701408,7829,True,True,7829,4,2,2,1,1,
3fccdef5230824aab2ec,linear-unsat-0125,unsat,17,one_shot,complete,1,CERTIFIED_UNSAT,unsat,1,2.6e-05,2.518e-05,8.199999999999989e-07,0,0,491.6350580751896,726,True,True,726,1,1,0,1,1,
4033d5537449439e031a,linear-sat-0233,sat,43,one_shot,complete,1,CERTIFIED_SAT,sat,1,0.000127,0.00012615,8.499999999999936e-07,0,0,7204.506240785122,1175,True,True,1175,1,1,0,1,1,
4073b9d5ebef6f572a10,linear-unsat-0053,unsat,29,multi_generic_feedback,complete,1,CERTIFIED_UNSAT,unsat,4,9.2e-05,9.012e-05,1.8800000000000023e-06,0,0,2109.240665100515,2564,True,True,2564,4,1,3,1,1,
4131f9c8c1659cff86f2,linear-sat-0244,sat,17,multi_no_feedback,complete,1,CERTIFIED_SAT,sat,4,0.001095,0.0010927999999999999,2.200000000000162e-06,0,0,101154.31837271899,9440,True,True,9440,4,4,0,1,1,
41afbf0666ad5d48a02a,linear-sat-0292,sat,43,cd_vgs_core_rank,complete,1,CERTIFIED_SAT,sat,4,0.00034,0.00033759,2.409999999999999e-06,0,0,15041.216995567083,3483,True,True,3483,4,1,3,1,1,
41aff3f2b3e90026f698,linear-sat-0022,sat,17,cd_vgs_core_rank,complete,0,BUDGET_EXCEEDED,,16,0.004406,0.00439909,6.910000000000596e-06,0,0,188793.59271470457,40833,True,True,40833,16,16,0,1,4,
41b882c0f66ecac4a9d7,linear-unsat-0078,unsat,29,one_shot,complete,1,CERTIFIED_UNSAT,unsat,1,2e-05,1.905e-05,9.500000000000028e-07,0,0,476.30839608609676,525,True,True,525,1,1,0,1,1,
41cf282240c19a3af95f,linear-unsat-0167,unsat,17,cd_vgs_core_rank,complete,1,CERTIFIED_UNSAT,unsat,4,6.4e-05,6.324e-05,7.599999999999995e-07,0,0,1848.4942773357034,1668,True,True,1668,4,1,3,1,1,
41d488be79ff0056a67b,linear-sat-0205,sat,29,cd_vgs_core_rank,complete,0,BUDGET_EXCEEDED,,16,0.004526,0.00451446,1.1539999999999988e-05,0,0,415481.3417997211,41302,True,True,41302,16,16,0,1,4,
421a5c528f5ddcc3455e,linear-unsat-0010,unsat,17,multi_generic_feedback,complete,1,CERTIFIED_UNSAT,unsat,4,8.4e-05,8.170000000000001e-05,2.299999999999988e-06,0,0,2025.134177878499,2290,True,True,2290,4,1,3,1,1,
42bc462413bce9e75ca1,linear-sat-0292,sat,29,multi_no_feedback,complete,1,CERTIFIED_SAT,sat,4,0.00034,0.00033824,1.7600000000000103e-06,0,0,22560.023334808648,3488,True,True,3488,4,1,3,1,1,
4375db1ed7f272e0d9aa,linear-sat-0192,sat,43,multi_unsat_core_feedback,complete,1,CERTIFIED_SAT,sat,4,0.000867,0.000864,3.000000000000073e-06,0,0,53261.348102241755,7680,True,True,7680,4,1,3,1,1,
43e9df7032d4b1cd7288,linear-sat-0214,sat,29,one_shot,complete,0,BUDGET_EXCEEDED,,1,0.000286,0.0002852,8.000000000000194e-07,0,0,11988.60698286444,2680,True,True,2680,1,1,0,0,1,
444207ee944c8231c641,linear-sat-0039,sat,29,one_shot,complete,1,CERTIFIED_SAT,sat,1,0.000183,0.00018278,2.199999999999945e-07,0,0,9118.388061411679,1686,True,True,1686,1,1,0,1,1,
44586f9ea11872bdf302,linear-sat-0054,sat,43,multi_unsat_core_feedback,complete,0,BUDGET_EXCEEDED,,16,0.004556,0.0045499999999999985,6.000000000001664e-06,0,0,353426.3150980696,42440,True,True,42440,16,16,0,0,4,
44b1cdaf3a38bef4c57b,linear-unsat-0145,unsat,43,multi_unsat_core_feedback,complete,1,CERTIFIED_UNSAT,unsat,4,6e-05,5.94e-05,6.00000000000001e-07,0,0,2244.0342595800757,1540,True,True,1540,4,1,3,1,1,
44d5defb91bd4e5b0d7e,linear-unsat-0167,unsat,17,multi_generic_feedback,complete,1,CERTIFIED_UNSAT,unsat,4,6.4e-05,6.324e-05,7.599999999999995e-07,0,0,2339.381636120379,1668,True,True,1668,4,1,3,1,1,
463c4d0a5a60772752fd,linear-unsat-0148,unsat,17,cd_vgs_core_rank,complete,1,CERTIFIED_UNSAT,unsat,4,7.6e-05,7.345e-05,2.5500000000000078e-06,0,0,2186.072723940015,2005,True,True,2005,4,1,3,1,1,
46a4f0ff81aeecc8142d,linear-sat-0184,sat,43,cd_vgs_core_rank,complete,1,CERTIFIED_SAT,sat,12,0.003271,0.00326679,4.210000000000151e-06,0,0,128055.94791378826,30403,True,True,30403,12,12,0,3,3,
46d9904b0f85c3b3789b,linear-unsat-0078,unsat,29,multi_unsat_core_feedback,complete,1,CERTIFIED_UNSAT,unsat,4,7.9e-05,7.607e-05,2.9300000000000007e-06,0,0,2008.592982776463,2099,True,True,2099,4,1,3,1,1,
4726dc22982c0eb133a0,linear-sat-0068,sat,29,multi_unsat_core_feedback,complete,1,CERTIFIED_SAT,sat,4,0.000591,0.00058871,2.290000000000061e-06,0,0,31217.339426279068,5907,True,True,5907,4,1,3,1,1,
47791c75b1e5cde56679,linear-sat-0186,sat,17,cd_vgs_core_rank,complete,0,BUDGET_EXCEEDED,,16,0.004636,0.00462872,7.280000000000134e-06,0,0,223735.49006227404,45064,True,True,45064,16,16,0,0,4,
4842e976fdbc7560452d,linear-sat-0205,sat,29,one_shot,complete,0,BUDGET_EXCEEDED,,1,0.000281,0.0002804,6.000000000000146e-07,0,0,14991.822248324752,2520,True,True,2520,1,1,0,0,1,
4858c57154e0902e6f0f,linear-sat-0244,sat,29,cd_vgs_core_rank,complete,1,CERTIFIED_SAT,sat,8,0.002211,0.00220735,3.6500000000000074e-06,0,0,103595.71865200996,19115,True,True,19115,8,8,0,1,2,
4984ba3d12e4befa91cd,linear-unsat-0044,unsat,17,multi_unsat_core_feedback,complete,1,CERTIFIED_UNSAT,unsat,4,0.000112,0.00011006,1.9399999999999984e-06,0,0,2341.1681624129415,3222,True,True,3222,4,1,3,1,1,
49aee6f7ea3ed4f9cd62,linear-unsat-0145,unsat,17,multi_generic_feedback,complete,1,CERTIFIED_UNSAT,unsat,4,6e-05,5.953e-05,4.700000000000006e-07,0,0,2430.6523259729147,1541,True,True,1541,4,1,3,1,1,
49b80ab242b9f546bcf9,linear-unsat-0168,unsat,29,cd_vgs_core_rank,complete,1,CERTIFIED_UNSAT,unsat,4,7.1e-05,6.803e-05,2.970000000000007e-06,0,0,1906.127355992794,1791,True,True,1791,4,1,3,1,1,
4a16809563fc9c83c297,linear-sat-0280,sat,17,multi_no_feedback,complete,1,CERTIFIED_SAT,sat,4,0.000982,0.00098036,1.6400000000000182e-06,0,0,41100.6777305156,8932,True,True,8932,4,1,3,1,1,
4a2c7ede682959469f26,linear-sat-0121,sat,29,one_shot,complete,0,BUDGET_EXCEEDED,,1,0.000278,0.00027716,8.399999999999987e-07,0,0,14845.849993638694,2412,True,True,2412,1,1,0,0,1,
4a49b8afc1cda16fcb78,linear-unsat-0128,unsat,17,multi_no_feedback,complete,1,CERTIFIED_UNSAT,unsat,4,0.0001,9.968e-05,3.200000000000105e-07,0,0,2482.4641505256295,2896,True,True,2896,4,1,3,1,1,
4a7aa48369c4d833248a,linear-unsat-0044,unsat,43,multi_generic_feedback,complete,1,CERTIFIED_UNSAT,unsat,4,0.000112,0.00011045,1.549999999999997e-06,0,0,2681.095107458532,3225,True,True,3225,4,1,3,1,1,
4ac7163ba31963a56eb0,linear-sat-0022,sat,29,one_shot,complete,0,BUDGET_EXCEEDED,,1,0.000283,0.0002828,2.0000000000000486e-07,0,0,17504.229369573295,2600,True,True,2600,1,1,0,0,1,
4ae95621403aaf8fdd31,linear-sat-0057,sat,17,multi_no_feedback,complete,0,BUDGET_EXCEEDED,,16,0.004544,0.004544000000000001,0.0,0,0,325265.83789102733,42240,True,True,42240,16,16,0,0,4,
4b0be29b5167f1079ab6,linear-sat-0159,sat,29,multi_unsat_core_feedback,complete,0,BUDGET_EXCEEDED,,16,0.004325,0.004312640000000001,1.2359999999998587e-05,0,0,239692.4815122038,41648,True,True,41648,16,16,0,3,4,
4b2bb59958167595eb87,linear-unsat-0168,unsat,17,cd_vgs_core_rank,complete,1,CERTIFIED_UNSAT,unsat,4,7.2e-05,6.816e-05,3.840000000000004e-06,0,0,2899.8203724622726,1792,True,True,1792,4,1,3,1,1,
4b666d4024d49ab0cc24,linear-unsat-0044,unsat,43,multi_no_feedback,complete,1,CERTIFIED_UNSAT,unsat,4,0.000112,0.00011032,1.6799999999999975e-06,0,0,2307.348310947418,3224,True,True,3224,4,1,3,1,1,
4b71777788c084d9e92a,linear-unsat-0125,unsat,43,cd_vgs_core_rank,complete,1,CERTIFIED_UNSAT,unsat,4,0.000104,0.0001002,3.7999999999999975e-06,0,0,2205.563711002469,2900,True,True,2900,4,1,3,1,1,
4b721a57cb6e28d85d77,linear-sat-0244,sat,29,multi_generic_feedback,complete,0,BUDGET_EXCEEDED,,16,0.004332,0.00432829,3.709999999999651e-06,0,0,233249.45420958102,37633,True,True,37633,16,16,0,2,4,
4b8bdf453791c7d119e2,linear-sat-0192,sat,29,multi_generic_feedback,complete,1,CERTIFIED_SAT,sat,4,0.000544,0.00054199,2.0099999999999892e-06,0,0,21122.277544811368,5203,True,True,5203,4,1,3,1,1,
4ba9adf3a0336a0e32d0,linear-sat-0083,sat,29,multi_no_feedback,complete,1,CERTIFIED_SAT,sat,4,0.000377,0.00037524,1.7600000000000103e-06,0,0,21313.414533622563,3908,True,True,3908,4,1,3,1,1,
4c1239da8990747002aa,linear-unsat-0173,unsat,17,multi_no_feedback,complete,1,CERTIFIED_UNSAT,unsat,4,9.2e-05,9.008e-05,1.919999999999995e-06,0,0,2148.6317571252584,2576,True,True,2576,4,1,3,1,1,
4c1c379289917bccda46,linear-sat-0068,sat,43,one_shot,complete,1,CERTIFIED_SAT,sat,1,0.000151,0.00015007,9.300000000000063e-07,0,0,12523.345743305981,1499,True,True,1499,1,1,0,1,1,
4c324108ad2d416645ab,linear-sat-0184,sat,17,multi_no_feedback,complete,1,CERTIFIED_SAT,sat,8,0.002232,0.0022277300000000002,4.269999999999795e-06,0,0,140803.9391702041,20041,True,True,20041,8,5,3,1,2,
4caa9d5c017dec094924,linear-sat-0028,sat,29,multi_no_feedback,complete,0,BUDGET_EXCEEDED,unsat,16,0.003169,0.0031628500000000005,6.149999999999472e-06,0,0,207633.18632729352,33585,True,True,33585,16,16,0,7,4,
4cb5dbb25e3a647ca0e8,linear-sat-0028,sat,17,cd_vgs_core_rank,complete,0,BUDGET_EXCEEDED,,16,0.003754,0.0037455200000000013,8.479999999998645e-06,0,0,228351.16686765105,38264,True,True,38264,16,16,0,4,4,
4cc5b9d935b824b95a68,linear-sat-0242,sat,29,multi_no_feedback,complete,0,BUDGET_EXCEEDED,,16,0.004549,0.004542839999999999,6.1600000000007135e-06,0,0,242770.93825489283,43708,True,True,43708,16,16,0,1,4,
4cc6f9dd7dc8372521d2,linear-unsat-0053,unsat,17,multi_unsat_core_feedback,complete,1,CERTIFIED_UNSAT,unsat,4,9.2e-05,9.025e-05,1.7500000000000019e-06,0,0,2350.5812315270305,2565,True,True,2565,4,1,3,1,1,
4da5eb5f1d4c9bf6af6a,linear-sat-0083,sat,29,one_shot,complete,1,CERTIFIED_SAT,sat,1,0.000124,0.00012319,8.100000000000143e-07,0,0,5215.680463239551,1203,True,True,1203,1,1,0,1,1,
4ded31120c90051d74ed,linear-unsat-0056,unsat,29,one_shot,complete,1,CERTIFIED_UNSAT,unsat,1,1.9e-05,1.872e-05,2.800000000000007e-07,0,0,496.3922807946801,504,True,True,504,1,1,0,1,1,
4df214c648bf4d0668cf,linear-unsat-0023,unsat,29,multi_unsat_core_feedback,complete,1,CERTIFIED_UNSAT,unsat,4,6e-05,5.988e-05,1.1999999999999885e-07,0,0,1878.6578308790922,1556,True,True,1556,4,1,3,1,1,
4e4ecab09d687ba3c702,linear-sat-0292,sat,43,one_shot,complete,1,CERTIFIED_SAT,sat,1,8.6e-05,8.586e-05,1.4000000000000882e-07,0,0,4039.0854366123676,882,True,True,882,1,1,0,1,1,
4ee8e0d7c4f4d6fc425d,linear-unsat-0146,unsat,43,multi_no_feedback,complete,1,CERTIFIED_UNSAT,unsat,4,7.2e-05,7.061e-05,1.3899999999999986e-06,0,0,2123.5686019062996,1897,True,True,1897,4,1,3,1,1,
4fc9e0faa0abc8c05395,linear-sat-0292,sat,17,one_shot,complete,1,CERTIFIED_SAT,sat,1,9.5e-05,9.496e-05,4.000000000000639e-08,0,0,4999.338706955314,952,True,True,952,1,1,0,1,1,
50c70d727944e86dc81c,linear-sat-0022,sat,43,multi_unsat_core_feedback,complete,0,BUDGET_EXCEEDED,,16,0.004348,0.004340710000000001,7.289999999999207e-06,0,0,255218.03297195584,40387,True,True,40387,16,16,0,1,4,
50dec042f369bae15f3e,linear-unsat-0023,unsat,17,multi_generic_feedback,complete,1,CERTIFIED_UNSAT,unsat,4,6e-05,5.962e-05,3.7999999999999975e-07,0,0,1991.013946942985,1554,True,True,1554,4,1,3,1,1,
50f98c852a0d4bfbe964,linear-sat-0039,sat,43,multi_no_feedback,complete,1,CERTIFIED_SAT,sat,4,0.00066,0.00065897,1.0299999999999546e-06,0,0,29321.41761202365,6189,True,True,6189,4,1,3,1,1,
5129d5b764a8d36340c3,linear-unsat-0146,unsat,17,cd_vgs_core_rank,complete,1,CERTIFIED_UNSAT,unsat,4,7.2e-05,7.061e-05,1.3899999999999986e-06,0,0,2039.9785293266177,1897,True,True,1897,4,1,3,1,1,
519c46d71408dd2e0be2,linear-sat-0197,sat,29,multi_unsat_core_feedback,complete,0,BUDGET_EXCEEDED,,16,0.003837,0.003828479999999999,8.52000000000101e-06,0,0,338318.908338435,38416,True,True,38416,16,16,0,3,4,
51ad62344b8f8ebadbe5,linear-unsat-0026,unsat,43,multi_generic_feedback,complete,1,CERTIFIED_UNSAT,unsat,4,7.6e-05,7.332e-05,2.6800000000000082e-06,0,0,2145.5710642039776,2004,True,True,2004,4,1,3,1,1,
52a1a4ad6e2ca9529658,linear-sat-0220,sat,17,one_shot,complete,1,CERTIFIED_SAT,sat,1,0.000127,0.00012642,5.799999999999978e-07,0,0,6713.024333119392,1274,True,True,1274,1,1,0,1,1,
52a454ba416e8cc83d8d,linear-sat-0159,sat,43,multi_unsat_core_feedback,complete,1,CERTIFIED_SAT,sat,8,0.002009,0.00200394,5.059999999999874e-06,0,0,99577.13954243809,19618,True,True,19618,8,6,2,1,2,
532b42ce2a5c75342194,linear-unsat-0053,unsat,43,cd_vgs_core_rank,complete,1,CERTIFIED_UNSAT,unsat,4,9.2e-05,9.025e-05,1.7500000000000019e-06,0,0,1775.9974161162972,2565,True,True,2565,4,1,3,1,1,
53464bdf2dffd1feaa9f,linear-sat-0197,sat,29,one_shot,complete,0,BUDGET_EXCEEDED,,1,0.000288,0.0002876,4.000000000000097e-07,0,0,16252.777615562081,2760,True,True,2760,1,1,0,0,1,
534a69d397f6bfb0cc4a,linear-unsat-0166,unsat,29,cd_vgs_core_rank,complete,1,CERTIFIED_UNSAT,unsat,4,6e-05,5.962e-05,3.7999999999999975e-07,0,0,2151.1829206719995,1554,True,True,1554,4,1,3,1,1,
53ac1503d1ef7e7aaacf,linear-sat-0039,sat,17,one_shot,complete,1,CERTIFIED_SAT,sat,1,0.000135,0.00013429,7.100000000000118e-07,0,0,6290.296150371432,1313,True,True,1313,1,1,0,1,1,
546422b862dcdf8a7d77,linear-sat-0156,sat,29,cd_vgs_core_rank,complete,1,CERTIFIED_SAT,sat,4,0.000338,0.00033573,2.269999999999963e-06,0,0,13587.929168716073,3401,True,True,3401,4,1,3,1,1,
54ac4d41fde8a068e400,linear-sat-0054,sat,17,multi_generic_feedback,complete,1,CERTIFIED_SAT,sat,8,0.002248,0.0022457300000000005,2.2699999999995293e-06,0,0,130171.43548838794,20961,True,True,20961,8,5,3,1,2,
552f48922ecff2438119,linear-unsat-0168,unsat,43,multi_no_feedback,complete,1,CERTIFIED_UNSAT,unsat,4,7.2e-05,6.816e-05,3.840000000000004e-06,0,0,2278.7681221961975,1792,True,True,1792,4,1,3,1,1,
5550dac5cc477af1ff4a,linear-sat-0292,sat,17,multi_no_feedback,complete,1,CERTIFIED_SAT,sat,4,0.000349,0.00034734,1.6600000000000078e-06,0,0,15579.056047834456,3558,True,True,3558,4,1,3,1,1,
556437e9c8cd3c94c0dd,linear-unsat-0146,unsat,17,multi_generic_feedback,complete,1,CERTIFIED_UNSAT,unsat,4,7.2e-05,7.061e-05,1.3899999999999986e-06,0,0,1849.0074649453163,1897,True,True,1897,4,1,3,1,1,
55a3796da81ca3f20dd4,linear-unsat-0034,unsat,17,multi_generic_feedback,complete,1,CERTIFIED_UNSAT,unsat,4,5.6e-05,5.464e-05,1.3600000000000005e-06,0,0,2443.794663064182,1368,True,True,1368,4,1,3,1,1,
55a8ac30d700b86de050,linear-sat-0192,sat,17,multi_unsat_core_feedback,complete,1,CERTIFIED_SAT,sat,4,0.000816,0.00081434,1.6600000000000078e-06,0,0,34827.36315578222,7298,True,True,7298,4,2,2,1,1,
55e74cbd08dbefc1b359,linear-sat-0063,sat,29,cd_vgs_core_rank,complete,0,BUDGET_EXCEEDED,,16,0.004396,0.004389829999999998,6.1700000000015215e-06,0,0,292142.3169756308,40371,True,True,40371,16,16,0,1,4,
55f338701079cecc7aca,linear-sat-0156,sat,43,one_shot,complete,1,CERTIFIED_SAT,sat,1,7.1e-05,7.077e-05,2.3000000000000288e-07,0,0,4710.740990005434,749,True,True,749,1,1,0,1,1,
5604f39fa99135a49556,linear-sat-0083,sat,43,multi_unsat_core_feedback,complete,1,CERTIFIED_SAT,sat,4,0.000345,0.00034287,2.1299999999999813e-06,0,0,22442.508563399315,3659,True,True,3659,4,1,3,1,1,
5648556c910aa915b08a,linear-unsat-0085,unsat,43,multi_no_feedback,complete,1,CERTIFIED_UNSAT,unsat,4,6e-05,5.715e-05,2.8500000000000015e-06,0,0,3012.7501534298062,1455,True,True,1455,4,1,3,1,1,
5654bdf25f9b9ffb4d0f,linear-sat-0197,sat,43,multi_no_feedback,complete,0,BUDGET_EXCEEDED,,16,0.004347,0.004340689999999999,6.310000000001557e-06,0,0,219058.69204178452,42153,True,True,42153,16,16,0,1,4,
57789e79b02095dff761,linear-sat-0156,sat,29,multi_no_feedback,complete,1,CERTIFIED_SAT,sat,4,0.000503,0.00050018,2.8199999999999493e-06,0,0,31074.089613743126,4666,True,True,4666,4,1,3,1,1,
57a847395061b872a614,linear-unsat-0176,unsat,43,one_shot,complete,1,CERTIFIED_UNSAT,unsat,1,2e-05,1.905e-05,9.500000000000028e-07,0,0,576.1188101023436,525,True,True,525,1,1,0,1,1,
57bcd1ca92ac0afa1908,linear-unsat-0165,unsat,43,multi_unsat_core_feedback,complete,1,CERTIFIED_UNSAT,unsat,4,6.1e-05,5.849e-05,2.5100000000000014e-06,0,0,3527.134170755744,1533,True,True,1533,4,1,3,1,1,
57c2fe062cfd7bc01734,linear-sat-0220,sat,43,multi_unsat_core_feedback,complete,1,CERTIFIED_SAT,sat,4,0.000672,0.00066987,2.129999999999927e-06,0,0,36336.952914483845,6359,True,True,6359,4,1,3,1,1,
57d78ac2d7152c3b7a96,linear-sat-0022,sat,29,multi_unsat_core_feedback,complete,0,BUDGET_EXCEEDED,,16,0.00454,0.004532720000000001,7.279999999998399e-06,0,0,298412.4436089769,41864,True,True,41864,16,16,0,0,4,
5833a36d4437101fc085,linear-sat-0031,sat,17,multi_generic_feedback,complete,0,BUDGET_EXCEEDED,unsat,16,0.004126,0.00411322,1.278000000000043e-05,0,0,288222.98004012555,40114,True,True,40114,16,16,0,4,4,
583de838f4f1ebc1b279,linear-sat-0197,sat,17,multi_unsat_core_feedback,complete,0,BUDGET_EXCEEDED,unsat,16,0.004098,0.004088089999999999,9.910000000000994e-06,0,0,287381.8879360333,40413,True,True,40413,16,16,0,2,4,
58541a871b3b7707a5b8,linear-unsat-0145,unsat,43,one_shot,complete,0,BUDGET_EXCEEDED,,1,0.000687,,0.000687,1,1,90114.07521273941,,False,False,0,1,1,0,0,1,
58dfde2150637abb49e8,linear-sat-0263,sat,43,multi_unsat_core_feedback,complete,0,BUDGET_EXCEEDED,,16,0.004538,0.004531199999999998,6.800000000002117e-06,0,0,185428.2492166385,42160,True,True,42160,16,16,0,1,4,
58e59994f298975d7a58,linear-sat-0261,sat,43,multi_no_feedback,complete,0,BUDGET_EXCEEDED,,16,0.004475,0.004465210000000001,9.789999999999105e-06,0,0,283517.8082017228,40157,True,True,40157,16,16,0,1,4,
5953dac832ac246c5bf3,linear-sat-0274,sat,29,one_shot,complete,0,BUDGET_EXCEEDED,unsat,1,0.000124,0.00012394,5.999999999999604e-08,0,0,4688.8810293748975,1298,True,True,1298,1,1,0,1,1,
5956a8eff84f753c35c0,linear-sat-0186,sat,29,multi_generic_feedback,complete,0,BUDGET_EXCEEDED,,16,0.004271,0.00426433,6.6699999999994194e-06,0,0,203204.12845071405,42261,True,True,42261,16,16,0,5,4,
59755c9780e08a82eb09,linear-unsat-0010,unsat,43,multi_unsat_core_feedback,complete,1,CERTIFIED_UNSAT,unsat,4,8.4e-05,8.157e-05,2.4299999999999886e-06,0,0,1668.7149470672011,2289,True,True,2289,4,1,3,1,1,
599ffb0a3c291a1b70d8,linear-sat-0028,sat,17,one_shot,complete,0,BUDGET_EXCEEDED,,1,0.000289,0.0002888,1.9999999999995065e-07,0,0,15793.40304620564,2800,True,True,2800,1,1,0,0,1,
5a22fa212a039f02d7c0,linear-unsat-0166,unsat,29,one_shot,complete,1,CERTIFIED_UNSAT,unsat,1,1.5e-05,1.497e-05,2.999999999999971e-08,0,0,663.0899449810386,389,True,True,389,1,1,0,1,1,
5a76af6ffeecadedf462,linear-sat-0039,sat,43,cd_vgs_core_rank,complete,1,CERTIFIED_SAT,sat,4,0.000633,0.00063024,2.7599999999999804e-06,0,0,60129.263271577656,5968,True,True,5968,4,1,3,1,1,
5b35f61a142598236fe3,linear-sat-0197,sat,17,multi_generic_feedback,complete,0,BUDGET_EXCEEDED,unsat,16,0.003838,0.003827959999999999,1.0040000000000656e-05,0,0,248300.55497214198,38412,True,True,38412,16,16,0,3,4,
5b7c47e35e38e5e26222,linear-sat-0159,sat,17,multi_no_feedback,complete,1,CERTIFIED_SAT,sat,8,0.002284,0.00227976,4.239999999999973e-06,0,0,126208.73577985913,21672,True,True,21672,8,6,2,1,2,
5bebcc59f14c77a3431d,linear-sat-0028,sat,43,multi_no_feedback,complete,0,BUDGET_EXCEEDED,unsat,16,0.00415,0.004146430000000001,3.5699999999987478e-06,0,0,259260.30493620783,41151,True,True,41151,16,16,0,3,4,
5c37af5686ce46975548,linear-unsat-0176,unsat,29,multi_unsat_core_feedback,complete,1,CERTIFIED_UNSAT,unsat,4,7.9e-05,7.607e-05,2.9300000000000007e-06,0,0,2001.6946038231254,2099,True,True,2099,4,1,3,1,1,
5c4965f60f5bc2c82d09,linear-sat-0214,sat,43,multi_unsat_core_feedback,complete,0,BUDGET_EXCEEDED,,16,0.004369,0.004364029999999998,4.970000000001709e-06,0,0,268171.713039279,41551,True,True,41551,16,16,0,1,4,
5c62bfd2c6bfc5411f78,linear-sat-0205,sat,17,multi_generic_feedback,complete,1,CERTIFIED_SAT,sat,8,0.002235,0.00222894,6.060000000000006e-06,0,0,145730.0438126549,20118,True,True,20118,8,8,0,1,2,
5c6b497ba4f0193d502b,linear-sat-0028,sat,17,multi_no_feedback,complete,0,BUDGET_EXCEEDED,unsat,16,0.003497,0.0034926600000000007,4.339999999999379e-06,0,0,203587.55258657038,36122,True,True,36122,16,16,0,5,4,
5cad08e032ca485d8d08,linear-sat-0054,sat,29,multi_generic_feedback,complete,0,BUDGET_EXCEEDED,,16,0.004365,0.004358769999999999,6.230000000001165e-06,0,0,239342.6119564101,40969,True,True,40969,16,16,0,1,4,
5cbac00ed6e2db10ba91,linear-sat-0137,sat,43,cd_vgs_core_rank,complete,1,CERTIFIED_SAT,sat,4,0.000906,0.00090406,1.9399999999999713e-06,0,0,54695.72332780808,7902,True,True,7902,4,1,3,1,1,
5cbde68c1d52729bca04,linear-unsat-0125,unsat,43,multi_unsat_core_feedback,complete,1,CERTIFIED_UNSAT,unsat,4,0.000104,0.0001002,3.7999999999999975e-06,0,0,2410.091227851808,2900,True,True,2900,4,1,3,1,1,
5d2f9d2dc16be862a845,linear-sat-0054,sat,43,cd_vgs_core_rank,complete,0,BUDGET_EXCEEDED,,16,0.004556,0.0045499999999999985,6.000000000001664e-06,0,0,275999.3067253381,42440,True,True,42440,16,16,0,0,4,
5d319dea399c927380cf,linear-sat-0274,sat,43,multi_generic_feedback,complete,1,CERTIFIED_SAT,sat,4,0.000762,0.0007599200000000001,2.0799999999998988e-06,0,0,58792.796776629984,7224,True,True,7224,4,1,3,1,1,
5d8ef6a99a7d8dc87932,linear-unsat-0053,unsat,29,cd_vgs_core_rank,complete,1,CERTIFIED_UNSAT,unsat,4,9.2e-05,8.999e-05,2.0100000000000028e-06,0,0,3218.9197512343526,2563,True,True,2563,4,1,3,1,1,
5dbaab35874ba26ce8cb,linear-unsat-0034,unsat,29,cd_vgs_core_rank,complete,1,CERTIFIED_UNSAT,unsat,4,5.6e-05,5.464e-05,1.3600000000000005e-06,0,0,2224.2152569815516,1368,True,True,1368,4,1,3,1,1,
5dc1279242505bcb70e6,linear-unsat-0145,unsat,17,multi_unsat_core_feedback,complete,1,CERTIFIED_UNSAT,unsat,4,6e-05,5.953e-05,4.700000000000006e-07,0,0,2042.00538713485,1541,True,True,1541,4,1,3,1,1,
5de36bed8121ae655eae,linear-sat-0233,sat,17,multi_unsat_core_feedback,complete,1,CERTIFIED_SAT,sat,4,0.000441,0.0004389499999999999,2.050000000000077e-06,0,0,31447.207080200315,4195,True,True,4195,4,1,3,1,1,
5ed0fa14dae807efa2a2,linear-sat-0061,sat,17,multi_no_feedback,complete,1,CERTIFIED_SAT,sat,4,0.000749,0.00074748,1.519999999999972e-06,0,0,41793.9914688468,6956,True,True,6956,4,1,3,1,1,
5f0dc4217de922d5342a,linear-unsat-0026,unsat,17,one_shot,complete,1,CERTIFIED_UNSAT,unsat,1,1.9e-05,1.833e-05,6.700000000000021e-07,0,0,447.0464922487736,501,True,True,501,1,1,0,1,1,
5fe26b419851eab24121,linear-sat-0280,sat,17,one_shot,complete,1,CERTIFIED_SAT,sat,1,0.000249,0.00024847,5.299999999999966e-07,0,0,12198.262428864837,2259,True,True,2259,1,1,0,1,1,
6113c379fb9d12347619,linear-unsat-0173,unsat,29,cd_vgs_core_rank,complete,1,CERTIFIED_UNSAT,unsat,4,9.2e-05,9.008e-05,1.919999999999995e-06,0,0,2331.6614497452974,2576,True,True,2576,4,1,3,1,1,
61409fd792e3e4b68f87,linear-sat-0028,sat,17,multi_unsat_core_feedback,complete,0,BUDGET_EXCEEDED,,16,0.002942,0.0029336500000000008,8.349999999999417e-06,0,0,173446.5089207515,32025,True,True,32025,16,16,0,7,4,
620730e46e8d91ac1691,linear-unsat-0165,unsat,29,multi_unsat_core_feedback,complete,1,CERTIFIED_UNSAT,unsat,4,6.1e-05,5.8490000000000004e-05,2.5099999999999946e-06,0,0,2141.867018304765,1533,True,True,1533,4,1,3,1,1,
6242ee77d4a7d33748dc,linear-sat-0192,sat,17,one_shot,complete,0,BUDGET_EXCEEDED,,1,0.000277,0.00027632,6.800000000000274e-07,0,0,14527.987144887447,2384,True,True,2384,1,1,0,0,1,
627a1b022a603988882e,linear-sat-0068,sat,17,multi_no_feedback,complete,1,CERTIFIED_SAT,sat,4,0.000577,0.00057493,2.0700000000000666e-06,0,0,25791.77662078291,5801,True,True,5801,4,1,3,1,1,
6305ced53b202a12c0d4,linear-sat-0137,sat,29,one_shot,complete,1,CERTIFIED_SAT,sat,1,0.000203,0.00020203,9.700000000000127e-07,0,0,13796.77370376885,1791,True,True,1791,1,1,0,1,1,
63305171b355f414597f,linear-sat-0280,sat,29,one_shot,complete,1,CERTIFIED_SAT,sat,1,0.000258,0.00025757,4.299999999999942e-07,0,0,14606.958637014031,2329,True,True,2329,1,1,0,1,1,
63340bd0210af1812ad7,linear-sat-0261,sat,29,cd_vgs_core_rank,complete,0,BUDGET_EXCEEDED,,16,0.00444,0.004426339999999999,1.3660000000001275e-05,0,0,272302.6956571266,40058,True,True,40058,16,16,0,1,4,
6366ae168ff5043a8f6e,linear-unsat-0026,unsat,29,multi_generic_feedback,complete,1,CERTIFIED_UNSAT,unsat,4,7.6e-05,7.306e-05,2.940000000000009e-06,0,0,2874.8350059613585,2002,True,True,2002,4,1,3,1,1,
63790d168f139423c8d4,linear-unsat-0026,unsat,29,cd_vgs_core_rank,complete,1,CERTIFIED_UNSAT,unsat,4,7.6e-05,7.319e-05,2.8100000000000087e-06,0,0,1799.830300733447,2003,True,True,2003,4,1,3,1,1,
6393e599e5afcebf871a,linear-sat-0039,sat,43,multi_generic_feedback,complete,1,CERTIFIED_SAT,sat,4,0.000665,0.00066378,1.2200000000000188e-06,0,0,34167.422423139215,6226,True,True,6226,4,1,3,1,1,
63a7b5d736e30564525e,linear-sat-0121,sat,17,one_shot,complete,0,BUDGET_EXCEEDED,,1,0.000278,0.00027716,8.399999999999987e-07,0,0,14246.657626703382,2412,True,True,2412,1,1,0,0,1,
6490d342471808bece5a,linear-unsat-0125,unsat,29,multi_generic_feedback,complete,1,CERTIFIED_UNSAT,unsat,4,0.000103,9.994e-05,3.060000000000001e-06,0,0,2738.348967395723,2898,True,True,2898,4,1,3,1,1,
64e423e7174d3f99b3b5,linear-unsat-0056,unsat,29,multi_no_feedback,complete,1,CERTIFIED_UNSAT,unsat,4,7.6e-05,7.462e-05,1.3800000000000037e-06,0,0,2243.5904080048203,2014,True,True,2014,4,1,3,1,1,
654ddc82d97e17bf1808,linear-sat-0233,sat,43,multi_unsat_core_feedback,complete,1,CERTIFIED_SAT,sat,4,0.000627,0.0006248499999999999,2.150000000000025e-06,0,0,37416.59666132182,5625,True,True,5625,4,1,3,1,1,
65719e88a688ccf36311,linear-unsat-0034,unsat,17,multi_no_feedback,complete,1,CERTIFIED_UNSAT,unsat,4,5.6e-05,5.464e-05,1.3600000000000005e-06,0,0,2315.844834782183,1368,True,True,1368,4,1,3,1,1,
657e2ee919061a176230,linear-unsat-0167,unsat,29,one_shot,complete,1,CERTIFIED_UNSAT,unsat,1,1.6e-05,1.581e-05,1.8999999999999987e-07,0,0,532.6107675209641,417,True,True,417,1,1,0,1,1,
66289b481fb563760c20,linear-unsat-0148,unsat,29,multi_unsat_core_feedback,complete,1,CERTIFIED_UNSAT,unsat,4,7.6e-05,7.345e-05,2.5500000000000078e-06,0,0,1958.3642622455955,2005,True,True,2005,4,1,3,1,1,
66a7a91ca02b1a05539c,linear-unsat-0167,unsat,43,cd_vgs_core_rank,complete,1,CERTIFIED_UNSAT,unsat,4,6.4e-05,6.324e-05,7.599999999999995e-07,0,0,1941.3089407607913,1668,True,True,1668,4,1,3,1,1,
66b12a8d453cb931d82e,linear-sat-0028,sat,43,cd_vgs_core_rank,complete,0,BUDGET_EXCEEDED,,16,0.003478,0.003470440000000001,7.559999999999338e-06,0,0,202033.68037380278,36148,True,True,36148,16,16,0,5,4,
66b3c589bf0c25b22a7e,linear-sat-0083,sat,43,multi_no_feedback,complete,1,CERTIFIED_SAT,sat,4,0.000305,0.00030257,2.4299999999999886e-06,0,0,16868.786800652742,3349,True,True,3349,4,2,2,2,1,
6723d2ecd9520cc86e36,linear-sat-0220,sat,43,cd_vgs_core_rank,complete,1,CERTIFIED_SAT,sat,4,0.000461,0.00045836,2.6399999999999883e-06,0,0,24347.298656590283,4732,True,True,4732,4,1,3,1,1,
683dd0f7610153172989,linear-sat-0214,sat,29,multi_no_feedback,complete,0,BUDGET_EXCEEDED,,16,0.004576,0.004563200000000002,1.2799999999998576e-05,0,0,299303.03658917546,42880,True,True,42880,16,16,0,0,4,
68c5a2f338cc5f88334f,linear-unsat-0176,unsat,17,cd_vgs_core_rank,complete,1,CERTIFIED_UNSAT,unsat,4,8e-05,7.62e-05,3.800000000000011e-06,0,0,2377.3836763575673,2100,True,True,2100,4,1,3,1,1,
68ed3279f5d2616c4f9e,linear-sat-0244,sat,17,multi_generic_feedback,complete,1,CERTIFIED_SAT,sat,4,0.001058,0.00105536,2.639999999999934e-06,0,0,49756.27688225359,9152,True,True,9152,4,1,3,1,1,
68faad46bf916227df7d,linear-sat-0057,sat,17,multi_generic_feedback,complete,0,BUDGET_EXCEEDED,,16,0.004319,0.00431467,4.330000000000306e-06,0,0,203660.55895388126,40679,True,True,40679,16,16,0,1,4,
6946b087aad4fe92e8e4,linear-unsat-0145,unsat,17,one_shot,complete,1,CERTIFIED_UNSAT,unsat,1,1.5e-05,1.485e-05,1.5000000000000026e-07,0,0,446.2867174297571,385,True,True,385,1,1,0,1,1,
69496d8eda52863260c5,linear-sat-0263,sat,29,multi_generic_feedback,stopped,0,,,1,0.000282,0.00028184,1.6000000000002557e-07,0,0,19209.435778670013,,False,False,,,,,,,StudyStopped
69600dfc11dd345a32cd,linear-sat-0280,sat,43,multi_generic_feedback,complete,1,CERTIFIED_SAT,sat,4,0.000997,0.0009962200000000001,7.799999999999214e-07,0,0,46635.68165246397,9054,True,True,9054,4,1,3,1,1,
699884435c5e71c65428,linear-sat-0192,sat,43,multi_no_feedback,complete,1,CERTIFIED_SAT,sat,4,0.000773,0.00077144,1.5600000000000596e-06,0,0,44084.623794071376,6968,True,True,6968,4,3,1,1,1,
69a3428188597313628b,linear-sat-0022,sat,17,multi_generic_feedback,complete,0,BUDGET_EXCEEDED,,16,0.00454,0.004532720000000001,7.279999999998399e-06,0,0,306733.9966678992,41864,True,True,41864,16,16,0,0,4,
6a675be3ad70e148bc5e,linear-unsat-0166,unsat,29,multi_generic_feedback,complete,1,CERTIFIED_UNSAT,unsat,4,6e-05,5.988e-05,1.1999999999999885e-07,0,0,1906.8724662065506,1556,True,True,1556,4,1,3,1,1,
6b70b24d7aed0b3f9a06,linear-sat-0205,sat,29,multi_no_feedback,complete,1,CERTIFIED_SAT,sat,4,0.001054,0.00105192,2.080000000000007e-06,0,0,74724.03870802373,9544,True,True,9544,4,2,2,1,1,
6bed78511666b9c827aa,linear-sat-0244,sat,17,cd_vgs_core_rank,complete,1,CERTIFIED_SAT,sat,4,0.001101,0.00109878,2.220000000000043e-06,0,0,43188.17658163607,9486,True,True,9486,4,4,0,1,1,
6c0e7aba997e053e9063,linear-sat-0083,sat,43,one_shot,complete,1,CERTIFIED_SAT,sat,1,0.000122,0.0001215,4.999999999999986e-07,0,0,7726.503491401672,1190,True,True,1190,1,1,0,1,1,
6d1c854d7d1f38edda7b,linear-sat-0159,sat,43,one_shot,complete,0,BUDGET_EXCEEDED,,1,0.000287,0.0002864,5.999999999999604e-07,0,0,16412.316122092307,2720,True,True,2720,1,1,0,0,1,
6d271f431fdabe33bf3e,linear-sat-0057,sat,43,cd_vgs_core_rank,complete,1,CERTIFIED_SAT,sat,12,0.003801,0.00308767,0.0007133300000000003,1,1,270753.23508121073,,False,False,28879,12,10,2,1,3,
6d6427cb184ac6e90b8d,linear-sat-0186,sat,17,multi_generic_feedback,complete,0,BUDGET_EXCEEDED,,16,0.004627,0.00461949,7.509999999999635e-06,0,0,311998.008758761,44993,True,True,44993,16,16,0,1,4,
6dbe8abce89533813fe8,linear-sat-0233,sat,43,multi_no_feedback,complete,1,CERTIFIED_SAT,sat,4,0.000598,0.0005958599999999999,2.1400000000000845e-06,0,0,31700.868454761803,5402,True,True,5402,4,1,3,1,1,
6df6f3a907b0a521ab32,linear-sat-0083,sat,17,one_shot,complete,1,CERTIFIED_SAT,sat,1,0.000121,0.00012085,1.5000000000000365e-07,0,0,6864.195327274501,1185,True,True,1185,1,1,0,1,1,
6e2e2209d5cd4bc61da4,linear-sat-0061,sat,17,cd_vgs_core_rank,complete,1,CERTIFIED_SAT,sat,4,0.000859,0.0008572,1.7999999999999353e-06,0,0,37426.64363048971,7800,True,True,7800,4,1,3,1,1,
6e83f25c4b5bf5d114d0,linear-unsat-0085,unsat,29,multi_unsat_core_feedback,complete,1,CERTIFIED_UNSAT,unsat,4,6e-05,5.728e-05,2.720000000000001e-06,0,0,1870.4686844721437,1456,True,True,1456,4,1,3,1,1,
6f8f74f8637e1bd8d423,linear-sat-0220,sat,43,multi_generic_feedback,complete,1,CERTIFIED_SAT,sat,4,0.000554,0.00055196,2.040000000000028e-06,0,0,26690.350491553545,5452,True,True,5452,4,1,3,1,1,
701d8e9ae0de536405ef,linear-sat-0031,sat,43,one_shot,complete,0,BUDGET_EXCEEDED,,1,0.000287,0.0002864,5.999999999999604e-07,0,0,17257.39584863186,2720,True,True,2720,1,1,0,0,1,
7037e2acca597233764a,linear-unsat-0056,unsat,43,multi_no_feedback,complete,1,CERTIFIED_UNSAT,unsat,4,7.6e-05,7.436e-05,1.6400000000000046e-06,0,0,2318.264135159552,2012,True,True,2012,4,1,3,1,1,
70b3e8eba765f7fb690c,linear-sat-0031,sat,29,multi_unsat_core_feedback,complete,0,BUDGET_EXCEEDED,,16,0.004313,0.00430055,1.2449999999999788e-05,0,0,269630.1516564563,41555,True,True,41555,16,16,0,2,4,
710e450cd78ac5b83f35,linear-unsat-0078,unsat,17,multi_unsat_core_feedback,complete,1,CERTIFIED_UNSAT,unsat,4,8e-05,7.62e-05,3.800000000000011e-06,0,0,2822.536292485893,2100,True,True,2100,4,1,3,1,1,
71212e78a209cbaa2d2e,linear-sat-0292,sat,29,multi_unsat_core_feedback,complete,1,CERTIFIED_SAT,sat,4,0.000344,0.00034266,1.3400000000000109e-06,0,0,16460.76670475304,3522,True,True,3522,4,1,3,1,1,
715f4da1f5e5e0e1c013,linear-sat-0197,sat,17,one_shot,complete,0,BUDGET_EXCEEDED,,1,0.000288,0.0002876,4.000000000000097e-07,0,0,19934.04076900333,2760,True,True,2760,1,1,0,0,1,
7183e22705fd5c53e483,linear-unsat-0010,unsat,43,cd_vgs_core_rank,complete,1,CERTIFIED_UNSAT,unsat,4,8.4e-05,8.157e-05,2.4299999999999886e-06,0,0,2143.9930964261293,2289,True,True,2289,4,1,3,1,1,
7241b4fcf5832ca4634b,linear-unsat-0044,unsat,17,multi_generic_feedback,complete,1,CERTIFIED_UNSAT,unsat,4,0.000112,0.00011019,1.809999999999998e-06,0,0,1925.8818840608,3223,True,True,3223,4,1,3,1,1,
72512a0ff56d43ce3483,linear-sat-0039,sat,43,multi_unsat_core_feedback,complete,1,CERTIFIED_SAT,sat,4,0.000678,0.0006761299999999999,1.8700000000000617e-06,0,0,26592.018235474825,6321,True,True,6321,4,1,3,1,1,
7268315a1c3a6fe068a2,linear-unsat-0023,unsat,29,multi_no_feedback,complete,1,CERTIFIED_UNSAT,unsat,4,6e-05,5.988e-05,1.1999999999999885e-07,0,0,2198.55095166713,1556,True,True,1556,4,1,3,1,1,
73318e790cc38708abcd,linear-sat-0220,sat,17,multi_generic_feedback,complete,1,CERTIFIED_SAT,sat,4,0.000679,0.00067793,1.0700000000000423e-06,0,0,36160.516939125955,6421,True,True,6421,4,1,3,1,1,
739c725b6234274bd01f,linear-sat-0156,sat,17,cd_vgs_core_rank,complete,1,CERTIFIED_SAT,sat,4,0.000244,0.00024187000000000001,2.1299999999999813e-06,0,0,16137.464761734009,2679,True,True,2679,4,1,3,1,1,
73c8d79106e0267c4493,linear-sat-0031,sat,29,one_shot,complete,0,BUDGET_EXCEEDED,,1,0.000287,0.0002864,5.999999999999604e-07,0,0,12487.360238097608,2720,True,True,2720,1,1,0,0,1,
73cdd281ed78fbe9891f,linear-sat-0031,sat,29,multi_no_feedback,complete,0,BUDGET_EXCEEDED,,16,0.003796,0.00378693,9.069999999999911e-06,0,0,197046.26494832337,37401,True,True,37401,16,16,0,8,4,
73e4eb478f2d55b36630,linear-sat-0186,sat,43,multi_generic_feedback,complete,0,BUDGET_EXCEEDED,,16,0.004498,0.004490790000000001,7.209999999999682e-06,0,0,272654.41750362515,44003,True,True,44003,16,16,0,2,4,
742aa6adbaef5df1e8ff,linear-unsat-0128,unsat,43,cd_vgs_core_rank,complete,1,CERTIFIED_UNSAT,unsat,4,0.0001,9.942e-05,5.800000000000114e-07,0,0,1825.253937393427,2894,True,True,2894,4,1,3,1,1,
74ed2c34ff162bac6966,linear-sat-0054,sat,17,multi_no_feedback,complete,0,BUDGET_EXCEEDED,,16,0.004544,0.004542080000000002,1.9199999999981385e-06,0,0,181230.27206305414,42176,True,True,42176,16,16,0,0,4,
755908f1f49b98beeef9,linear-sat-0057,sat,29,one_shot,complete,0,BUDGET_EXCEEDED,,1,0.000284,0.000284,0.0,0,0,23934.636684134603,2640,True,True,2640,1,1,0,0,1,
7602cb4209f12b6b342f,linear-sat-0121,sat,17,multi_no_feedback,complete,1,CERTIFIED_SAT,sat,4,0.001084,0.0010809499999999998,3.0500000000001012e-06,0,0,58447.760925628245,9435,True,True,9435,4,4,0,1,1,
760a689217926dc46f4c,linear-unsat-0128,unsat,29,cd_vgs_core_rank,complete,1,CERTIFIED_UNSAT,unsat,4,0.0001,9.968e-05,3.200000000000105e-07,0,0,1977.948235347867,2896,True,True,2896,4,1,3,1,1,
76cd4062c72ee0e22383,linear-sat-0244,sat,43,multi_generic_feedback,complete,0,BUDGET_EXCEEDED,,16,0.004319,0.00431581,3.190000000000137e-06,0,0,178127.8781061992,37537,True,True,37537,16,16,0,1,4,
76ed8568cf7c0fdc9eeb,linear-unsat-0125,unsat,29,multi_unsat_core_feedback,complete,1,CERTIFIED_UNSAT,unsat,4,0.000104,0.0001002,3.7999999999999975e-06,0,0,2263.5556859895587,2900,True,True,2900,4,1,3,1,1,
77698ea7f294bf41e2f7,linear-sat-0022,sat,17,one_shot,complete,0,BUDGET_EXCEEDED,,1,0.000283,0.0002828,2.0000000000000486e-07,0,0,23479.42955326289,2600,True,True,2600,1,1,0,0,1,
7827cdaa6375d3c0cc64,linear-unsat-0010,unsat,17,one_shot,complete,1,CERTIFIED_UNSAT,unsat,1,2.1e-05,2.036e-05,6.399999999999973e-07,0,0,505.6446548551321,572,True,True,572,1,1,0,1,1,
78647173c1e624f73291,linear-sat-0054,sat,43,one_shot,complete,0,BUDGET_EXCEEDED,,1,0.000284,0.00028388,1.1999999999999207e-07,0,0,18700.625895522535,2636,True,True,2636,1,1,0,0,1,
78d77d69291f3f839386,linear-unsat-0078,unsat,17,multi_no_feedback,complete,1,CERTIFIED_UNSAT,unsat,4,8e-05,7.62e-05,3.800000000000011e-06,0,0,2108.450999483466,2100,True,True,2100,4,1,3,1,1,
78f91aa592a43d4d5746,linear-unsat-0010,unsat,43,multi_generic_feedback,complete,1,CERTIFIED_UNSAT,unsat,4,8.4e-05,8.144e-05,2.559999999999989e-06,0,0,2227.718038484454,2288,True,True,2288,4,1,3,1,1,
797113b30ed8f40b6bdb,linear-sat-0039,sat,43,one_shot,complete,1,CERTIFIED_SAT,sat,1,0.000161,0.00016003,9.700000000000127e-07,0,0,17375.726140104234,1511,True,True,1511,1,1,0,1,1,
79a552ae5e5f17b7908c,linear-sat-0230,sat,17,one_shot,complete,1,CERTIFIED_SAT,sat,1,5e-05,4.957e-05,4.3000000000000097e-07,0,0,2157.7503215521574,569,True,True,569,1,1,0,1,1,
7a4ce5a836aa70d34be5,linear-unsat-0056,unsat,43,multi_generic_feedback,complete,1,CERTIFIED_UNSAT,unsat,4,7.6e-05,7.41e-05,1.9000000000000055e-06,0,0,2261.552419513464,2010,True,True,2010,4,1,3,1,1,
7a4e4c54e15fbc2cc047,linear-sat-0242,sat,43,cd_vgs_core_rank,complete,0,BUDGET_EXCEEDED,,16,0.004099,0.00408914,9.860000000000424e-06,0,0,234620.87952625006,40418,True,True,40418,16,16,0,2,4,
7afffd6cf7cf50305196,linear-unsat-0085,unsat,43,one_shot,complete,1,CERTIFIED_UNSAT,unsat,1,1.5e-05,1.432e-05,6.800000000000003e-07,0,0,432.71774984896183,364,True,True,364,1,1,0,1,1,
7b3413ab49cc5bf4f7d3,linear-sat-0242,sat,17,cd_vgs_core_rank,complete,0,BUDGET_EXCEEDED,,16,0.004363,0.00435291,1.0089999999999925e-05,0,0,274813.71704116464,42447,True,True,42447,16,16,0,1,4,
7b3a47415b96116baa20,linear-sat-0031,sat,43,multi_no_feedback,stopped,0,,,12,0.002829,0.00282242,6.579999999999954e-06,0,0,162602.92452853173,,False,False,,,,,,,StudyStopped
7b3a5b6dfce41ba60c51,linear-unsat-0167,unsat,43,multi_no_feedback,complete,1,CERTIFIED_UNSAT,unsat,4,6.4e-05,6.324e-05,7.599999999999995e-07,0,0,1931.1974830925465,1668,True,True,1668,4,1,3,1,1,
7b76f1563680ccea49d8,linear-sat-0220,sat,17,multi_unsat_core_feedback,complete,1,CERTIFIED_SAT,sat,4,0.000528,0.00052596,2.040000000000028e-06,0,0,28884.29580349475,5252,True,True,5252,4,1,3,1,1,
7b839a1fede08cc6f3e1,linear-sat-0214,sat,29,multi_generic_feedback,complete,0,BUDGET_EXCEEDED,,16,0.004576,0.004571119999999998,4.880000000002244e-06,0,0,291508.9089674875,43144,True,True,43144,16,16,0,0,4,
7bb4e20cba78320dab9e,linear-sat-0292,sat,43,multi_no_feedback,complete,1,CERTIFIED_SAT,sat,4,0.000348,0.00034591,2.090000000000002e-06,0,0,25163.911852054298,3547,True,True,3547,4,1,3,1,1,
7c38f44c985ea8f77245,linear-sat-0028,sat,43,multi_unsat_core_feedback,complete,0,BUDGET_EXCEEDED,,16,0.003434,0.003424660000000001,9.339999999999175e-06,0,0,182171.6206530109,35802,True,True,35802,16,16,0,5,4,
7cc4603ccb79f0066069,linear-sat-0261,sat,17,multi_unsat_core_feedback,complete,0,BUDGET_EXCEEDED,,16,0.004508,0.0044943199999999996,1.3680000000000289e-05,0,0,220066.0535339266,40584,True,True,40584,16,16,0,0,4,
7ce9351be51616624255,linear-sat-0054,sat,29,cd_vgs_core_rank,complete,0,BUDGET_EXCEEDED,,16,0.004556,0.0045499999999999985,6.000000000001664e-06,0,0,284816.0572182387,42440,True,True,42440,16,16,0,0,4,
7cec2e4df74aade08453,linear-unsat-0176,unsat,17,multi_no_feedback,complete,1,CERTIFIED_UNSAT,unsat,4,8e-05,7.62e-05,3.800000000000011e-06,0,0,1909.4277704134583,2100,True,True,2100,4,1,3,1,1,
7d87e389dc30fa067c9d,linear-sat-0230,sat,17,multi_generic_feedback,complete,1,CERTIFIED_SAT,sat,4,0.000291,0.00028876,2.2400000000000328e-06,0,0,15194.857123307884,2972,True,True,2972,4,1,3,1,1,
7dce80e186455ccbc5c2,linear-sat-0292,sat,29,multi_generic_feedback,complete,1,CERTIFIED_SAT,sat,4,0.000343,0.00034123,1.770000000000005e-06,0,0,19760.04788186401,3511,True,True,3511,4,1,3,1,1,
7e359cc73ef6467a2496,linear-unsat-0026,unsat,29,multi_unsat_core_feedback,complete,1,CERTIFIED_UNSAT,unsat,4,7.6e-05,7.332e-05,2.6800000000000082e-06,0,0,2453.137306496501,2004,True,True,2004,4,1,3,1,1,
7ed0adb53079a3a84f39,linear-unsat-0166,unsat,43,multi_no_feedback,complete,1,CERTIFIED_UNSAT,unsat,4,6e-05,5.975e-05,2.499999999999993e-07,0,0,1989.1437320038676,1555,True,True,1555,4,1,3,1,1,
7ee3e44c166c8912d26b,linear-sat-0242,sat,29,multi_unsat_core_feedback,complete,0,BUDGET_EXCEEDED,,16,0.004019,0.004010089999999999,8.910000000000862e-06,0,0,244817.22073629498,39813,True,True,39813,16,16,0,4,4,
7ee924cce0221195d283,linear-sat-0137,sat,17,multi_generic_feedback,complete,1,CERTIFIED_SAT,sat,4,0.000856,0.00085414,1.8600000000000127e-06,0,0,56744.451673701406,7518,True,True,7518,4,1,3,1,1,
7f6babcbb78412fe81e2,linear-sat-0261,sat,43,multi_generic_feedback,complete,0,BUDGET_EXCEEDED,,16,0.004508,0.0044943199999999996,1.3680000000000289e-05,0,0,330266.68119151145,40584,True,True,40584,16,16,0,0,4,
7f7847a70d27a94d5a9a,linear-unsat-0176,unsat,29,multi_no_feedback,complete,1,CERTIFIED_UNSAT,unsat,4,8e-05,7.62e-05,3.800000000000011e-06,0,0,2590.328834950924,2100,True,True,2100,4,1,3,1,1,
801e7ae88673866801f1,linear-sat-0280,sat,43,multi_unsat_core_feedback,complete,1,CERTIFIED_SAT,sat,4,0.001034,0.00103197,2.0300000000000873e-06,0,0,57609.4354307279,9329,True,True,9329,4,1,3,1,1,
806d921a2343b13f204d,linear-unsat-0146,unsat,29,multi_generic_feedback,complete,1,CERTIFIED_UNSAT,unsat,4,7.2e-05,7.048e-05,1.519999999999999e-06,0,0,2062.70500831306,1896,True,True,1896,4,1,3,1,1,
80702e271d0e8326202e,linear-unsat-0146,unsat,29,one_shot,complete,1,CERTIFIED_UNSAT,unsat,1,1.8e-05,1.749e-05,5.100000000000002e-07,0,0,538.9411458745599,473,True,True,473,1,1,0,1,1,
80797bed615f042633d3,linear-unsat-0168,unsat,43,cd_vgs_core_rank,complete,1,CERTIFIED_UNSAT,unsat,4,7.2e-05,6.816e-05,3.840000000000004e-06,0,0,2030.230495147407,1792,True,True,1792,4,1,3,1,1,
80881dd20d8427af36b1,linear-sat-0031,sat,17,one_shot,complete,0,BUDGET_EXCEEDED,,1,0.000287,0.0002864,5.999999999999604e-07,0,0,14219.717205502093,2720,True,True,2720,1,1,0,0,1,
80ff860cc00deee6f1e0,linear-unsat-0168,unsat,29,multi_generic_feedback,complete,1,CERTIFIED_UNSAT,unsat,4,7.1e-05,6.777e-05,3.230000000000008e-06,0,0,2109.517915174365,1789,True,True,1789,4,1,3,1,1,
814963c1938b7e9fd931,linear-unsat-0148,unsat,29,multi_generic_feedback,complete,1,CERTIFIED_UNSAT,unsat,4,7.6e-05,7.332e-05,2.6800000000000082e-06,0,0,1978.535506874323,2004,True,True,2004,4,1,3,1,1,
81e4fbcb517c1729d223,linear-sat-0159,sat,29,multi_no_feedback,complete,0,BUDGET_EXCEEDED,,16,0.004592,0.0045824,9.599999999999366e-06,0,0,303957.7835435048,43520,True,True,43520,16,16,0,0,4,
81eb2a865e583c04b197,linear-sat-0121,sat,17,multi_unsat_core_feedback,complete,1,CERTIFIED_SAT,sat,8,0.002126,0.0021221599999999997,3.84000000000018e-06,0,0,90680.38571439683,18632,True,True,18632,8,7,1,2,2,
820d6e5cc6b9b8759330,linear-unsat-0165,unsat,43,multi_generic_feedback,complete,1,CERTIFIED_UNSAT,unsat,4,6.3e-05,6.0179999999999996e-05,2.8200000000000035e-06,0,0,2951.2377372011542,1546,True,True,1546,4,1,3,1,1,
826da4fe99823893f438,linear-unsat-0085,unsat,17,multi_generic_feedback,complete,1,CERTIFIED_UNSAT,unsat,4,6e-05,5.715e-05,2.8500000000000015e-06,0,0,2465.039022266865,1455,True,True,1455,4,1,3,1,1,
826f58470d93796d336c,linear-unsat-0034,unsat,43,multi_unsat_core_feedback,complete,1,CERTIFIED_UNSAT,unsat,4,5.6e-05,5.464e-05,1.3600000000000005e-06,0,0,2431.624894030392,1368,True,True,1368,4,1,3,1,1,
8279c63d109694ac8356,linear-unsat-0125,unsat,17,multi_generic_feedback,complete,1,CERTIFIED_UNSAT,unsat,4,0.000102,9.994e-05,2.060000000000004e-06,0,0,2408.4823857992887,2898,True,True,2898,4,1,3,1,1,
828152d4e6d6b06a6e8a,linear-unsat-0148,unsat,29,one_shot,complete,1,CERTIFIED_UNSAT,unsat,1,1.9e-05,1.833e-05,6.700000000000021e-07,0,0,618.3624062687159,501,True,True,501,1,1,0,1,1,
837cef9d5dedbdcbfecd,linear-sat-0197,sat,43,one_shot,complete,0,BUDGET_EXCEEDED,,1,0.000288,0.0002876,4.000000000000097e-07,0,0,15038.228822872043,2760,True,True,2760,1,1,0,0,1,
83a177ed24d0b36d82cf,linear-unsat-0078,unsat,29,multi_no_feedback,complete,1,CERTIFIED_UNSAT,unsat,4,7.9e-05,7.607e-05,2.9300000000000007e-06,0,0,1508.5077984258533,2099,True,True,2099,4,1,3,1,1,
83d7929e20988bd2f406,linear-sat-0031,sat,43,cd_vgs_core_rank,complete,0,BUDGET_EXCEEDED,unsat,16,0.004229,0.004218030000000001,1.0969999999999036e-05,0,0,206307.23778810352,40911,True,True,40911,16,16,0,6,4,
83f9d07c5102ba69dd49,linear-unsat-0010,unsat,17,multi_unsat_core_feedback,complete,1,CERTIFIED_UNSAT,unsat,4,8.4e-05,8.183000000000001e-05,2.1699999999999877e-06,0,0,1920.8877673372626,2291,True,True,2291,4,1,3,1,1,
83fb14282a7560976768,linear-sat-0233,sat,17,multi_generic_feedback,complete,1,CERTIFIED_SAT,sat,4,0.000457,0.00045468,2.3199999999999913e-06,0,0,31687.357044778764,4316,True,True,4316,4,1,3,1,1,
848a621016bb05160870,linear-unsat-0173,unsat,29,multi_generic_feedback,complete,1,CERTIFIED_UNSAT,unsat,4,9.2e-05,9.008e-05,1.919999999999995e-06,0,0,2274.618035182357,2576,True,True,2576,4,1,3,1,1,
84b5da3334d248938b9f,linear-sat-0137,sat,43,multi_no_feedback,complete,1,CERTIFIED_SAT,sat,4,0.000748,0.0007471499999999999,8.500000000000478e-07,0,0,34890.49361925572,6695,True,True,6695,4,1,3,1,1,
84cbb6c0e502f67a003b,linear-unsat-0023,unsat,17,one_shot,complete,1,CERTIFIED_UNSAT,unsat,1,1.5e-05,1.484e-05,1.6000000000000016e-07,0,0,464.8431856185198,388,True,True,388,1,1,0,1,1,
851835489f53a8d9617e,linear-unsat-0044,unsat,29,multi_no_feedback,complete,1,CERTIFIED_UNSAT,unsat,4,0.000112,0.00011045,1.549999999999997e-06,0,0,1760.0219873711467,3225,True,True,3225,4,1,3,1,1,
85afdbe5e595771d5e96,linear-sat-0274,sat,29,cd_vgs_core_rank,complete,1,CERTIFIED_SAT,sat,4,0.000724,0.0007223500000000001,1.6499999999999588e-06,0,0,32788.481581024826,6935,True,True,6935,4,1,3,1,1,
86b26fcb42fbe519676f,linear-sat-0068,sat,43,multi_generic_feedback,complete,1,CERTIFIED_SAT,sat,4,0.000553,0.0005507499999999999,2.250000000000082e-06,0,0,22955.02334088087,5615,True,True,5615,4,1,3,1,1,
86bbd43ee1575b3ee5ab,linear-unsat-0034,unsat,43,multi_no_feedback,complete,1,CERTIFIED_UNSAT,unsat,4,5.6e-05,5.464e-05,1.3600000000000005e-06,0,0,1973.1107335537672,1368,True,True,1368,4,1,3,1,1,
87a81570e3401bbb6e92,linear-sat-0184,sat,29,one_shot,complete,0,BUDGET_EXCEEDED,,1,0.000281,0.0002804,6.000000000000146e-07,0,0,16395.652134902775,2520,True,True,2520,1,1,0,0,1,
87d0c5223fd7a1ca6d92,linear-unsat-0034,unsat,43,cd_vgs_core_rank,complete,1,CERTIFIED_UNSAT,unsat,4,5.6e-05,5.464e-05,1.3600000000000005e-06,0,0,2220.6495497375727,1368,True,True,1368,4,1,3,1,1,
884132188018259a2ade,linear-unsat-0023,unsat,29,multi_generic_feedback,complete,1,CERTIFIED_UNSAT,unsat,4,6e-05,5.988e-05,1.1999999999999885e-07,0,0,2345.0398994609714,1556,True,True,1556,4,1,3,1,1,
8841db02714b75672ca9,linear-sat-0159,sat,17,multi_generic_feedback,complete,0,BUDGET_EXCEEDED,,16,0.004603,0.00459006,1.2940000000000347e-05,0,0,413052.28592734784,43782,True,True,43782,16,16,0,1,4,
88753062ee15b482c0d9,linear-sat-0061,sat,29,cd_vgs_core_rank,complete,1,CERTIFIED_SAT,sat,4,0.000671,0.00066935,1.6500000000000672e-06,0,0,26184.46049001068,6355,True,True,6355,4,1,3,1,1,
888261d0cec14486e691,linear-sat-0263,sat,29,multi_unsat_core_feedback,complete,0,BUDGET_EXCEEDED,,16,0.004524,0.004517359999999998,6.6400000000022e-06,0,0,305480.0336929038,41352,True,True,41352,16,16,0,0,4,
8894ae48e474ef596950,linear-sat-0159,sat,43,multi_no_feedback,complete,0,BUDGET_EXCEEDED,,16,0.00458,0.0045708300000000006,9.169999999999318e-06,0,0,182656.10682033002,43431,True,True,43431,16,16,0,1,4,
88ccc7851e619a400de0,linear-unsat-0085,unsat,43,cd_vgs_core_rank,complete,1,CERTIFIED_UNSAT,unsat,4,6e-05,5.715e-05,2.8500000000000015e-06,0,0,1933.036438189447,1455,True,True,1455,4,1,3,1,1,
88e90d33bc889621e1c0,linear-unsat-0173,unsat,17,one_shot,complete,1,CERTIFIED_UNSAT,unsat,1,2.3e-05,2.252e-05,4.799999999999988e-07,0,0,497.57585022598505,644,True,True,644,1,1,0,1,1,
88ec20f2cb9ca4dcd4dc,linear-unsat-0128,unsat,17,cd_vgs_core_rank,complete,1,CERTIFIED_UNSAT,unsat,4,0.0001,9.968e-05,3.200000000000105e-07,0,0,2367.122458294034,2896,True,True,2896,4,1,3,1,1,
88fcc1d5cf970c41ec46,linear-unsat-0166,unsat,29,multi_no_feedback,complete,1,CERTIFIED_UNSAT,unsat,4,6.1e-05,6.001e-05,9.899999999999956e-07,0,0,1975.3915090113878,1557,True,True,1557,4,1,3,1,1,
8907d693cb2de33209ce,linear-unsat-0010,unsat,29,multi_unsat_core_feedback,complete,1,CERTIFIED_UNSAT,unsat,4,8.4e-05,8.157e-05,2.4299999999999886e-06,0,0,1977.3978432640433,2289,True,True,2289,4,1,3,1,1,
898817041be8954104f4,linear-sat-0022,sat,17,multi_unsat_core_feedback,complete,0,BUDGET_EXCEEDED,,16,0.004495,0.004488390000000001,6.609999999998908e-06,0,0,231930.34763541073,41523,True,True,41523,16,16,0,2,4,
8a00ac25cd7de7713886,linear-sat-0068,sat,17,multi_unsat_core_feedback,complete,1,CERTIFIED_SAT,sat,4,0.000525,0.00052319,1.8099999999999844e-06,0,0,20547.493586316705,5403,True,True,5403,4,1,3,1,1,
8a2f3b41a58b92f88d80,linear-sat-0121,sat,17,multi_generic_feedback,complete,1,CERTIFIED_SAT,sat,8,0.002038,0.00203259,5.4099999999999634e-06,0,0,87280.20277898759,17943,True,True,17943,8,6,2,2,2,
8a3b2ee9f4a57114b14b,linear-sat-0057,sat,43,multi_no_feedback,stopped,0,,,5,0.001386,0.0013850300000000002,9.699999999998772e-07,0,0,86352.35236119479,,False,False,,,,,,,StudyStopped
8a6ea6c48eefbe9803f8,linear-unsat-0044,unsat,43,one_shot,complete,1,CERTIFIED_UNSAT,unsat,1,2.8e-05,2.719e-05,8.100000000000007e-07,0,0,477.108315564692,803,True,True,803,1,1,0,1,1,
8a77327484bb22eef388,linear-sat-0054,sat,43,multi_generic_feedback,complete,0,BUDGET_EXCEEDED,,16,0.004556,0.0045499999999999985,6.000000000001664e-06,0,0,233390.5065888539,42440,True,True,42440,16,16,0,0,4,
8a77fa422ca428c70520,linear-unsat-0145,unsat,43,multi_no_feedback,complete,1,CERTIFIED_UNSAT,unsat,4,6e-05,5.927e-05,7.300000000000015e-07,0,0,1764.4862607121468,1539,True,True,1539,4,1,3,1,1,
8aa08a9829469509b537,linear-sat-0159,sat,17,multi_unsat_core_feedback,complete,0,BUDGET_EXCEEDED,,16,0.00457,0.0045563900000000004,1.3609999999999838e-05,0,0,281815.34181162715,43523,True,True,43523,16,16,0,1,4,
8ae8bc06ff59f50a1971,linear-unsat-0023,unsat,17,multi_unsat_core_feedback,complete,1,CERTIFIED_UNSAT,unsat,4,6e-05,5.975e-05,2.499999999999993e-07,0,0,2054.597538895905,1555,True,True,1555,4,1,3,1,1,
8b7fe65878bd77a7d19c,linear-sat-0063,sat,17,multi_unsat_core_feedback,stopped,0,,,8,0.00226,0.00225736,2.639999999999934e-06,0,0,159880.09696174413,,False,False,,,,,,,StudyStopped
8b8b4b6ae827f33a358c,linear-sat-0214,sat,43,multi_no_feedback,complete,0,BUDGET_EXCEEDED,,16,0.004576,0.004563200000000002,1.2799999999998576e-05,0,0,227672.78126068413,42880,True,True,42880,16,16,0,0,4,
8bcef9cf4684b6b17a12,linear-unsat-0023,unsat,17,cd_vgs_core_rank,complete,1,CERTIFIED_UNSAT,unsat,4,6e-05,5.975e-05,2.499999999999993e-07,0,0,1930.2992951124907,1555,True,True,1555,4,1,3,1,1,
8ccb5117db57165e45d7,linear-sat-0233,sat,29,cd_vgs_core_rank,complete,1,CERTIFIED_SAT,sat,4,0.000485,0.00048197999999999996,3.0200000000000626e-06,0,0,21553.718151524663,4526,True,True,4526,4,1,3,1,1,
8cee92066f78f7bb6857,linear-sat-0220,sat,17,cd_vgs_core_rank,complete,1,CERTIFIED_SAT,sat,4,0.000591,0.00058927,1.7300000000000258e-06,0,0,40336.612017825246,5739,True,True,5739,4,1,3,1,1,
8d150fd6a5179b119f7d,linear-sat-0137,sat,17,multi_unsat_core_feedback,complete,1,CERTIFIED_SAT,sat,4,0.000799,0.0007969400000000001,2.059999999999909e-06,0,0,65202.62135658413,7078,True,True,7078,4,1,3,1,1,
8d48b4cb5c2ed65ff837,linear-sat-0028,sat,43,multi_generic_feedback,complete,0,BUDGET_EXCEEDED,unsat,16,0.003289,0.0032815300000000004,7.469999999999439e-06,0,0,171398.29779416323,34701,True,True,34701,16,16,0,6,4,
8dc003d9e5cff48fdf95,linear-sat-0057,sat,17,cd_vgs_core_rank,complete,0,BUDGET_EXCEEDED,,16,0.004556,0.00455192,4.080000000000056e-06,0,0,210205.33473417163,42504,True,True,42504,16,16,0,0,4,
8e6a2e75ee5d395a40c7,linear-sat-0083,sat,43,cd_vgs_core_rank,complete,1,CERTIFIED_SAT,sat,4,0.000334,0.00033273000000000005,1.2699999999999387e-06,0,0,17858.67581423372,3581,True,True,3581,4,1,3,1,1,
8e90a7255494a7b8b0fa,linear-unsat-0128,unsat,43,multi_no_feedback,complete,1,CERTIFIED_UNSAT,unsat,4,0.0001,9.942e-05,5.800000000000114e-07,0,0,2178.443823941052,2894,True,True,2894,4,1,3,1,1,
8ed6dbe07f7fcc14a8a8,linear-unsat-0148,unsat,43,multi_unsat_core_feedback,complete,1,CERTIFIED_UNSAT,unsat,4,7.6e-05,7.319e-05,2.8100000000000087e-06,0,0,2066.127745434642,2003,True,True,2003,4,1,3,1,1,
8f11aea769114e501bc5,linear-unsat-0167,unsat,43,multi_generic_feedback,complete,1,CERTIFIED_UNSAT,unsat,4,6.4e-05,6.272e-05,1.2800000000000013e-06,0,0,2052.3846857249737,1664,True,True,1664,4,1,3,1,1,
8fc646f65228041bf7b6,linear-sat-0054,sat,29,multi_no_feedback,complete,1,CERTIFIED_SAT,sat,16,0.004507,0.004504770000000002,2.229999999998032e-06,0,0,178112.2982064262,41889,True,True,41889,16,16,0,1,4,
900c236eb8e0b70a0d08,linear-unsat-0044,unsat,17,cd_vgs_core_rank,complete,1,CERTIFIED_UNSAT,unsat,4,0.000112,0.00011071,1.2899999999999961e-06,0,0,1961.0261851921678,3227,True,True,3227,4,1,3,1,1,
9095c223612ea5b82f35,linear-sat-0205,sat,43,multi_generic_feedback,complete,1,CERTIFIED_SAT,sat,8,0.002248,0.0022418100000000003,6.189999999999668e-06,0,0,128514.95880167931,20217,True,True,20217,8,8,0,1,2,
91016540df10dfe47a39,linear-unsat-0056,unsat,17,one_shot,complete,1,CERTIFIED_UNSAT,unsat,1,1.9e-05,1.859e-05,4.1000000000000116e-07,0,0,573.4212938696146,503,True,True,503,1,1,0,1,1,
913fe2fde63605321b8c,linear-sat-0192,sat,43,multi_generic_feedback,complete,1,CERTIFIED_SAT,sat,4,0.000978,0.0009756699999999999,2.3300000000000404e-06,0,0,72771.5023867786,8539,True,True,8539,4,3,1,1,1,
91b03db3617a70adb4f8,linear-unsat-0010,unsat,29,one_shot,complete,1,CERTIFIED_UNSAT,unsat,1,2.1e-05,2.036e-05,6.399999999999973e-07,0,0,532.4522070586681,572,True,True,572,1,1,0,1,1,
91fe1f5b92ba6ae465a7,linear-unsat-0053,unsat,43,multi_unsat_core_feedback,complete,1,CERTIFIED_UNSAT,unsat,4,9.2e-05,9.025e-05,1.7500000000000019e-06,0,0,1795.7826657220721,2565,True,True,2565,4,1,3,1,1,
930153fb1ad2fcf5b31b,linear-unsat-0034,unsat,43,one_shot,complete,1,CERTIFIED_UNSAT,unsat,1,1.4e-05,1.366e-05,3.4000000000000013e-07,0,0,511.5350391715765,342,True,True,342,1,1,0,1,1,
9309cd8a2b80eae6009c,linear-unsat-0034,unsat,29,multi_generic_feedback,complete,1,CERTIFIED_UNSAT,unsat,4,5.6e-05,5.464e-05,1.3600000000000005e-06,0,0,2010.3819714859128,1368,True,True,1368,4,1,3,1,1,
93351584bbf0613383d4,linear-unsat-0145,unsat,17,multi_no_feedback,complete,1,CERTIFIED_UNSAT,unsat,4,6e-05,5.94e-05,6.00000000000001e-07,0,0,2268.1183516979218,1540,True,True,1540,4,1,3,1,1,
934f4f4e42f3ce36f061,linear-sat-0197,sat,43,multi_generic_feedback,complete,0,BUDGET_EXCEEDED,,16,0.004429,0.00441894,1.0060000000000104e-05,0,0,267692.89361685514,42958,True,True,42958,16,16,0,1,4,
9377972cb266d453faee,linear-sat-0083,sat,29,multi_unsat_core_feedback,complete,1,CERTIFIED_SAT,sat,4,0.000375,0.00037238,2.6199999999999986e-06,0,0,21050.05977395922,3886,True,True,3886,4,1,3,1,1,
93c6f7270f7ff7c0f00c,linear-sat-0156,sat,17,multi_unsat_core_feedback,complete,1,CERTIFIED_SAT,sat,4,0.000324,0.00032104000000000003,2.9599999999999852e-06,0,0,17663.136477582157,3288,True,True,3288,4,1,3,1,1,
943fa01e6e1a72d2696b,linear-unsat-0026,unsat,17,multi_no_feedback,complete,1,CERTIFIED_UNSAT,unsat,4,7.6e-05,7.332e-05,2.6800000000000082e-06,0,0,2329.8875484615564,2004,True,True,2004,4,1,3,1,1,
94686055c5f817d03894,linear-sat-0054,sat,17,one_shot,complete,0,BUDGET_EXCEEDED,,1,0.000284,0.00028388,1.1999999999999207e-07,0,0,14626.941977068782,2636,True,True,2636,1,1,0,0,1,
954bc85080aefc5cbd75,linear-sat-0156,sat,29,multi_generic_feedback,complete,1,CERTIFIED_SAT,sat,4,0.000394,0.00039202,1.9800000000000048e-06,0,0,18767.221476882696,3834,True,True,3834,4,1,3,1,1,
95644342958623aff2b6,linear-unsat-0165,unsat,43,one_shot,complete,1,CERTIFIED_UNSAT,unsat,1,1.5e-05,1.446e-05,5.399999999999999e-07,0,0,665.3398061171174,382,True,True,382,1,1,0,1,1,
956dfc7e59f7727a433e,linear-sat-0220,sat,29,cd_vgs_core_rank,complete,1,CERTIFIED_SAT,sat,4,0.000654,0.0006523200000000001,1.679999999999889e-06,0,0,38794.661078602076,6224,True,True,6224,4,1,3,1,1,
95b1c3136de704a69a1e,linear-sat-0233,sat,17,multi_no_feedback,complete,1,CERTIFIED_SAT,sat,4,0.000495,0.00049212,2.8800000000000266e-06,0,0,20758.78997799009,4604,True,True,4604,4,2,2,2,1,
95d532beb6c731760b61,linear-sat-0292,sat,17,cd_vgs_core_rank,complete,1,CERTIFIED_SAT,sat,4,0.000377,0.00037476999999999996,2.230000000000038e-06,0,0,15330.561141483486,3769,True,True,3769,4,1,3,1,1,
96ccffec93a0d6db349f,linear-sat-0244,sat,29,multi_no_feedback,complete,1,CERTIFIED_SAT,sat,8,0.00257,0.00187899,0.0006910099999999997,1,1,172792.95071866363,,False,False,16263,8,8,0,1,2,
979a59c2b27159557fcc,linear-sat-0230,sat,17,cd_vgs_core_rank,complete,1,CERTIFIED_SAT,sat,4,0.00022,0.00021739,2.610000000000004e-06,0,0,10493.178974837065,2423,True,True,2423,4,1,3,1,1,
97cad60f60fbaa171677,linear-unsat-0078,unsat,17,cd_vgs_core_rank,complete,1,CERTIFIED_UNSAT,unsat,4,8e-05,7.62e-05,3.800000000000011e-06,0,0,3657.168682664633,2100,True,True,2100,4,1,3,1,1,
9842b0b7114abffc10a6,linear-sat-0031,sat,17,multi_no_feedback,complete,0,BUDGET_EXCEEDED,unsat,16,0.004382,0.00437232,9.679999999999758e-06,0,0,246970.60139849782,41904,True,True,41904,16,16,0,5,4,
98e1257b37e76a6d2a16,linear-sat-0280,sat,29,multi_no_feedback,complete,1,CERTIFIED_SAT,sat,4,0.001008,0.00100623,1.7699999999998967e-06,0,0,109118.31314954907,9131,True,True,9131,4,1,3,1,1,
997d84174d8a23226228,linear-unsat-0044,unsat,29,one_shot,complete,1,CERTIFIED_UNSAT,unsat,1,2.8e-05,2.745e-05,5.499999999999998e-07,0,0,476.4392217621207,805,True,True,805,1,1,0,1,1,
99816d7d58f196d94024,linear-sat-0280,sat,17,cd_vgs_core_rank,complete,1,CERTIFIED_SAT,sat,4,0.001031,0.0010295,1.4999999999999823e-06,0,0,63454.21826466918,9310,True,True,9310,4,2,2,1,1,
99de15e186f43efd702d,linear-sat-0061,sat,17,multi_unsat_core_feedback,complete,1,CERTIFIED_SAT,sat,4,0.000761,0.00075931,1.689999999999938e-06,0,0,86753.1649377197,7047,True,True,7047,4,1,3,1,1,
9a37442648b9bc9f7d48,linear-sat-0220,sat,29,multi_no_feedback,complete,1,CERTIFIED_SAT,sat,4,0.000665,0.00066194,3.060000000000042e-06,0,0,30623.559270985425,6298,True,True,6298,4,1,3,1,1,
9aa45c8231f03a92e258,linear-sat-0022,sat,17,multi_no_feedback,complete,0,BUDGET_EXCEEDED,,16,0.00451,0.00450608,3.920000000000139e-06,0,0,257227.07734443247,41456,True,True,41456,16,16,0,1,4,
9ac0d0fe1dcf7fa3e7fa,linear-unsat-0010,unsat,43,multi_no_feedback,complete,1,CERTIFIED_UNSAT,unsat,4,8.4e-05,8.157e-05,2.4299999999999886e-06,0,0,2414.341287687421,2289,True,True,2289,4,1,3,1,1,
9b4066f77c2b5cfc5fde,linear-sat-0068,sat,17,one_shot,complete,1,CERTIFIED_SAT,sat,1,0.00017,0.00016931,6.900000000000222e-07,0,0,10688.442007638514,1647,True,True,1647,1,1,0,1,1,
9b80b3eab68bc2a0f811,linear-sat-0205,sat,17,multi_unsat_core_feedback,complete,1,CERTIFIED_SAT,sat,8,0.002235,0.00222972,5.279999999999868e-06,0,0,97326.59143395722,20124,True,True,20124,8,7,1,1,2,
9c1f3855474d51d30793,linear-sat-0068,sat,17,multi_generic_feedback,complete,1,CERTIFIED_SAT,sat,4,0.000675,0.00067282,2.180000000000064e-06,0,0,27181.080505251884,6554,True,True,6554,4,1,3,1,1,
9c698dda96ed718a43ba,linear-sat-0233,sat,29,multi_no_feedback,complete,1,CERTIFIED_SAT,sat,4,0.00039,0.00038734,2.659999999999978e-06,0,0,21598.56873936951,3798,True,True,3798,4,1,3,1,1,
9c97fcba2e06cd86f486,linear-unsat-0085,unsat,29,one_shot,complete,1,CERTIFIED_UNSAT,unsat,1,1.5e-05,1.419e-05,8.100000000000007e-07,0,0,882.7924933284521,363,True,True,363,1,1,0,1,1,
9cac1b9de8defd3bd265,linear-unsat-0128,unsat,17,one_shot,complete,1,CERTIFIED_UNSAT,unsat,1,2.5e-05,2.492e-05,8.000000000000262e-08,0,0,629.1053630411625,724,True,True,724,1,1,0,1,1,
9cb7368b207f98d34e07,linear-sat-0242,sat,43,one_shot,complete,0,BUDGET_EXCEEDED,,1,0.000288,0.0002876,4.000000000000097e-07,0,0,12378.839498385787,2760,True,True,2760,1,1,0,0,1,
9d17653185498b4fdec1,linear-sat-0186,sat,17,multi_unsat_core_feedback,stopped,0,,,9,0.002606,0.0026025,3.499999999999597e-06,0,0,169732.57382865995,,False,False,,,,,,,StudyStopped
9d1e49ec5e29cbbe39b4,linear-sat-0061,sat,29,multi_generic_feedback,complete,1,CERTIFIED_SAT,sat,4,0.000722,0.0007204399999999999,1.5600000000000596e-06,0,0,55125.87651330978,6748,True,True,6748,4,1,3,1,1,
9d978e122d91db8ef5c7,linear-sat-0263,sat,43,cd_vgs_core_rank,complete,1,CERTIFIED_SAT,sat,16,0.004437,0.004430259999999998,6.740000000001606e-06,0,0,269125.83971209824,40682,True,True,40682,16,15,1,1,4,
9e21e45c0555f98aab0e,linear-sat-0220,sat,29,multi_unsat_core_feedback,complete,1,CERTIFIED_SAT,sat,4,0.000648,0.00064582,2.180000000000064e-06,0,0,36484.92889851332,6174,True,True,6174,4,1,3,1,1,
9e32de8928acb88f550d,linear-unsat-0176,unsat,17,multi_unsat_core_feedback,complete,1,CERTIFIED_UNSAT,unsat,4,8e-05,7.62e-05,3.800000000000011e-06,0,0,1795.8912178874016,2100,True,True,2100,4,1,3,1,1,
9e7684402bb5b4cb7ccc,linear-unsat-0146,unsat,17,one_shot,complete,1,CERTIFIED_UNSAT,unsat,1,1.8e-05,1.749e-05,5.100000000000002e-07,0,0,762.9499668255448,473,True,True,473,1,1,0,1,1,
9eed040f19056566565a,linear-sat-0292,sat,29,cd_vgs_core_rank,complete,1,CERTIFIED_SAT,sat,4,0.000355,0.00035345,1.5500000000000106e-06,0,0,28236.563787795603,3605,True,True,3605,4,1,3,1,1,
9f4de6ac9770755276d4,linear-sat-0230,sat,17,multi_no_feedback,complete,1,CERTIFIED_SAT,sat,4,0.000228,0.00022597,2.030000000000006e-06,0,0,14072.734639979899,2489,True,True,2489,4,1,3,1,1,
9fa1ebf6beb8f5b7d2dc,linear-sat-0061,sat,43,multi_generic_feedback,complete,1,CERTIFIED_SAT,sat,4,0.000623,0.00062138,1.6199999999999201e-06,0,0,28250.616690143943,5986,True,True,5986,4,3,1,3,1,
a1350d2b7038003613a2,linear-unsat-0166,unsat,17,multi_no_feedback,complete,1,CERTIFIED_UNSAT,unsat,4,6.1e-05,6.001e-05,9.899999999999956e-07,0,0,2442.6085632294416,1557,True,True,1557,4,1,3,1,1,
a1bd518b3fae1ac0c20d,linear-sat-0197,sat,29,cd_vgs_core_rank,complete,0,BUDGET_EXCEEDED,,16,0.003837,0.0038282299999999993,8.770000000000826e-06,0,0,227662.60208189487,38411,True,True,38411,16,16,0,3,4,
a1ce0d49e9b20ad1401b,linear-sat-0280,sat,43,cd_vgs_core_rank,complete,1,CERTIFIED_SAT,sat,4,0.000991,0.00098868,2.319999999999883e-06,0,0,38691.85975100845,8996,True,True,8996,4,1,3,1,1,
a214286912f7f9b62b33,linear-sat-0280,sat,29,multi_generic_feedback,complete,1,CERTIFIED_SAT,sat,4,0.001088,0.0010864400000000001,1.5599999999998428e-06,0,0,54693.280945532024,9748,True,True,9748,4,4,0,1,1,
a22259b157a2895857f2,linear-sat-0274,sat,29,multi_no_feedback,complete,1,CERTIFIED_SAT,sat,4,0.000751,0.00074978,1.2200000000000188e-06,0,0,43360.28950102627,7146,True,True,7146,4,1,3,1,1,
a22d07807054b0f6b1a2,linear-unsat-0128,unsat,43,multi_generic_feedback,complete,1,CERTIFIED_UNSAT,unsat,4,0.0001,9.942e-05,5.800000000000114e-07,0,0,2347.568820230663,2894,True,True,2894,4,1,3,1,1,
a39264bffea1c539b48c,linear-sat-0039,sat,29,multi_no_feedback,complete,1,CERTIFIED_SAT,sat,4,0.000687,0.00068536,1.6400000000000182e-06,0,0,30575.404081493616,6392,True,True,6392,4,1,3,1,1,
a3ac66de0c2ef887b997,linear-sat-0197,sat,17,cd_vgs_core_rank,complete,0,BUDGET_EXCEEDED,unsat,16,0.003577,0.00356745,9.550000000000097e-06,0,0,165925.28235539794,36405,True,True,36405,16,16,0,4,4,
a3bc27ffa173bf3b089b,linear-sat-0061,sat,43,one_shot,complete,0,BUDGET_EXCEEDED,unsat,1,0.000219,0.00021859,4.1000000000000454e-07,0,0,11460.968686267734,1983,True,True,1983,1,1,0,1,1,
a47e634971add1d9f0e5,linear-sat-0205,sat,29,multi_unsat_core_feedback,complete,0,BUDGET_EXCEEDED,,16,0.004506,0.00449315,1.2850000000000014e-05,0,0,288333.39585457,40575,True,True,40575,16,16,0,1,4,
a4d90031323414703df2,linear-unsat-0148,unsat,17,multi_generic_feedback,complete,1,CERTIFIED_UNSAT,unsat,4,7.6e-05,7.345e-05,2.5500000000000078e-06,0,0,2348.552606999874,2005,True,True,2005,4,1,3,1,1,
a50357a1c94b47791f09,linear-sat-0242,sat,43,multi_unsat_core_feedback,complete,0,BUDGET_EXCEEDED,,16,0.003977,0.003968099999999999,8.900000000000921e-06,0,0,238505.34779019654,39490,True,True,39490,16,16,0,4,4,
a522c7c3040f2176a713,linear-sat-0068,sat,43,cd_vgs_core_rank,complete,1,CERTIFIED_SAT,sat,4,0.000619,0.00061614,2.8599999999999286e-06,0,0,34316.7225625366,6118,True,True,6118,4,1,3,1,1,
a5d1ebd492f8e093b7fc,linear-unsat-0165,unsat,17,multi_no_feedback,complete,1,CERTIFIED_UNSAT,unsat,4,6e-05,5.784e-05,2.1599999999999996e-06,0,0,2702.727485448122,1528,True,True,1528,4,1,3,1,1,
a6330881871acc7c57e0,linear-unsat-0085,unsat,29,multi_generic_feedback,complete,1,CERTIFIED_UNSAT,unsat,4,6e-05,5.702e-05,2.980000000000002e-06,0,0,3169.4389255717397,1454,True,True,1454,4,1,3,1,1,
a733c16023da9c11c209,linear-sat-0263,sat,17,one_shot,complete,0,BUDGET_EXCEEDED,,1,0.000282,0.00028184,1.6000000000002557e-07,0,0,33970.12739162892,2568,True,True,2568,1,1,0,0,1,
a7365b3011c29b6bf219,linear-sat-0137,sat,29,multi_no_feedback,complete,1,CERTIFIED_SAT,sat,4,0.000842,0.0008404899999999999,1.5100000000000313e-06,0,0,41513.02402932197,7413,True,True,7413,4,1,3,1,1,
a74331c94e8b33ee99a6,linear-sat-0063,sat,43,multi_generic_feedback,complete,1,CERTIFIED_SAT,sat,8,0.002236,0.00223318,2.820000000000166e-06,0,0,172599.27533753216,20446,True,True,20446,8,7,1,1,2,
a76099afa85cda68a70c,linear-unsat-0053,unsat,17,one_shot,complete,1,CERTIFIED_UNSAT,unsat,1,2.3e-05,2.24e-05,6.00000000000001e-07,0,0,883.2768360152841,640,True,True,640,1,1,0,1,1,
a771d3e62e8a280285af,linear-unsat-0026,unsat,17,multi_generic_feedback,complete,1,CERTIFIED_UNSAT,unsat,4,7.6e-05,7.332e-05,2.6800000000000082e-06,0,0,2248.9309292286634,2004,True,True,2004,4,1,3,1,1,
a7842b8771da38d8c119,linear-unsat-0128,unsat,29,multi_generic_feedback,complete,1,CERTIFIED_UNSAT,unsat,4,0.0001,9.968e-05,3.200000000000105e-07,0,0,2226.2085247784853,2896,True,True,2896,4,1,3,1,1,
a92b7d9c2eafccdcb039,linear-sat-0261,sat,29,one_shot,complete,0,BUDGET_EXCEEDED,,1,0.000281,0.0002804,6.000000000000146e-07,0,0,11974.423984996974,2520,True,True,2520,1,1,0,0,1,
aa2337f125c033fb0c42,linear-unsat-0125,unsat,43,multi_no_feedback,complete,1,CERTIFIED_UNSAT,unsat,4,0.000104,0.0001002,3.7999999999999975e-06,0,0,2172.3784608766437,2900,True,True,2900,4,1,3,1,1,
aa40e0e225a5f8fe621c,linear-sat-0031,sat,43,multi_generic_feedback,complete,0,BUDGET_EXCEEDED,,16,0.004095,0.00408176,1.3239999999999433e-05,0,0,222225.39016790688,39872,True,True,39872,16,16,0,6,4,
aadbebe188e355ec4bbd,linear-sat-0280,sat,29,cd_vgs_core_rank,complete,1,CERTIFIED_SAT,sat,4,0.001003,0.00100103,1.97000000000001e-06,0,0,49020.826493389904,9091,True,True,9091,4,1,3,1,1,
aae28367b2a10ea66c32,linear-unsat-0173,unsat,17,multi_unsat_core_feedback,complete,1,CERTIFIED_UNSAT,unsat,4,9.2e-05,9.008e-05,1.919999999999995e-06,0,0,2181.274227797985,2576,True,True,2576,4,1,3,1,1,
ab759e44d3c25ffded19,linear-sat-0022,sat,43,multi_generic_feedback,complete,0,BUDGET_EXCEEDED,,16,0.00454,0.004532720000000001,7.279999999998399e-06,0,0,304586.0057827085,41864,True,True,41864,16,16,0,0,4,
ab78e93b45b3f7eeb9f0,linear-sat-0263,sat,17,multi_unsat_core_feedback,complete,0,BUDGET_EXCEEDED,,16,0.004369,0.0043617499999999984,7.250000000001179e-06,0,0,335226.9779378548,40155,True,True,40155,16,16,0,2,4,
abc490477e5820d57224,linear-unsat-0165,unsat,17,cd_vgs_core_rank,complete,1,CERTIFIED_UNSAT,unsat,4,6e-05,5.784e-05,2.1599999999999996e-06,0,0,2148.3126878738403,1528,True,True,1528,4,1,3,1,1,
ad59485ed645972196a5,linear-sat-0192,sat,29,multi_no_feedback,complete,1,CERTIFIED_SAT,sat,4,0.000586,0.0005838499999999999,2.1500000000001336e-06,0,0,26408.35945867002,5525,True,True,5525,4,2,2,1,1,
ad8f2bad1c7925853969,linear-sat-0197,sat,43,multi_unsat_core_feedback,complete,0,BUDGET_EXCEEDED,unsat,16,0.003626,0.0036176199999999998,8.380000000000106e-06,0,0,170959.39338579774,36794,True,True,36794,16,16,0,4,4,
adc483a72c45b7ae9d89,linear-unsat-0166,unsat,43,multi_unsat_core_feedback,complete,1,CERTIFIED_UNSAT,unsat,4,6e-05,5.975e-05,2.499999999999993e-07,0,0,3270.4530796036124,1555,True,True,1555,4,1,3,1,1,
adcc31d55821dc032a3b,linear-sat-0186,sat,29,one_shot,complete,0,BUDGET_EXCEEDED,,1,0.000289,0.0002888,1.9999999999995065e-07,0,0,12315.328182652593,2800,True,True,2800,1,1,0,0,1,
add6b4965d261043407a,linear-unsat-0165,unsat,17,multi_generic_feedback,complete,1,CERTIFIED_UNSAT,unsat,4,6e-05,5.784e-05,2.1599999999999996e-06,0,0,2291.6297372430563,1528,True,True,1528,4,1,3,1,1,
addbf412deac54f83a1d,linear-unsat-0173,unsat,43,multi_unsat_core_feedback,complete,1,CERTIFIED_UNSAT,unsat,4,9.2e-05,9.008e-05,1.919999999999995e-06,0,0,2340.64451046288,2576,True,True,2576,4,1,3,1,1,
ae53f293fca35b720980,linear-unsat-0173,unsat,29,multi_no_feedback,complete,1,CERTIFIED_UNSAT,unsat,4,9.2e-05,9.008e-05,1.919999999999995e-06,0,0,2128.99090629071,2576,True,True,2576,4,1,3,1,1,
ae9b9a610acd903005ef,linear-sat-0263,sat,43,multi_no_feedback,complete,1,CERTIFIED_SAT,sat,8,0.002207,0.00220558,1.4200000000002405e-06,0,0,90453.63983884454,20166,True,True,20166,8,6,2,1,2,
af6221a5630753fe7ff8,linear-sat-0261,sat,17,multi_generic_feedback,complete,0,BUDGET_EXCEEDED,,16,0.004508,0.0044943199999999996,1.3680000000000289e-05,0,0,178804.45146001875,40584,True,True,40584,16,16,0,0,4,
afc58b02d493fe8edbd2,linear-sat-0121,sat,43,multi_no_feedback,complete,1,CERTIFIED_SAT,sat,4,0.001089,0.00108589,3.1099999999999618e-06,0,0,52125.70355180651,9473,True,True,9473,4,4,0,1,1,
afcfdbe46472daf90d22,linear-unsat-0168,unsat,43,one_shot,complete,1,CERTIFIED_UNSAT,unsat,1,1.8e-05,1.704e-05,9.60000000000001e-07,0,0,1004.934030584991,448,True,True,448,1,1,0,1,1,
b01c2589582fdd3d2046,linear-sat-0263,sat,43,multi_generic_feedback,complete,0,BUDGET_EXCEEDED,,16,0.004524,0.004517359999999998,6.6400000000022e-06,0,0,223517.2571055591,41352,True,True,41352,16,16,0,0,4,
b045c45fe126993fe065,linear-unsat-0148,unsat,17,multi_unsat_core_feedback,complete,1,CERTIFIED_UNSAT,unsat,4,7.6e-05,7.332e-05,2.6800000000000082e-06,0,0,1945.1906373724341,2004,True,True,2004,4,1,3,1,1,
b06aa5fe55d61bad0426,linear-unsat-0078,unsat,29,cd_vgs_core_rank,complete,1,CERTIFIED_UNSAT,unsat,4,7.9e-05,7.607e-05,2.9300000000000007e-06,0,0,1948.1468293815851,2099,True,True,2099,4,1,3,1,1,
b11cf2d49619760b38c3,linear-sat-0292,sat,17,multi_generic_feedback,complete,1,CERTIFIED_SAT,sat,4,0.000369,0.00036762,1.3800000000000444e-06,0,0,15184.003960341215,3714,True,True,3714,4,1,3,1,1,
b139bc2c8b9d57453f65,linear-unsat-0034,unsat,17,one_shot,complete,1,CERTIFIED_UNSAT,unsat,1,1.4e-05,1.366e-05,3.4000000000000013e-07,0,0,554.9470810219646,342,True,True,342,1,1,0,1,1,
b13b2959bf67d88292a3,linear-sat-0261,sat,29,multi_generic_feedback,complete,0,BUDGET_EXCEEDED,,16,0.004475,0.00446156,1.343999999999998e-05,0,0,218345.92277929187,40332,True,True,40332,16,16,0,1,4,
b1579e295dbd37bb8687,linear-unsat-0128,unsat,29,multi_unsat_core_feedback,complete,1,CERTIFIED_UNSAT,unsat,4,0.0001,9.968e-05,3.200000000000105e-07,0,0,2380.7025272399187,2896,True,True,2896,4,1,3,1,1,
b3061c0d8dd0954f2027,linear-sat-0244,sat,43,multi_no_feedback,complete,1,CERTIFIED_SAT,sat,12,0.003199,0.0031910399999999996,7.960000000000432e-06,0,0,166825.11534541845,27648,True,True,27648,12,9,3,1,3,
b36c0f52eb3bdfd3e5d2,linear-sat-0121,sat,43,one_shot,complete,0,BUDGET_EXCEEDED,,1,0.000278,0.00027716,8.399999999999987e-07,0,0,11871.050930581987,2412,True,True,2412,1,1,0,0,1,
b467b7a0f1e4f4e93126,linear-unsat-0176,unsat,29,multi_generic_feedback,complete,1,CERTIFIED_UNSAT,unsat,4,8e-05,7.62e-05,3.800000000000011e-06,0,0,2874.0607099607587,2100,True,True,2100,4,1,3,1,1,
b4a2960b90a89142f6e3,linear-unsat-0085,unsat,17,cd_vgs_core_rank,complete,1,CERTIFIED_UNSAT,unsat,4,6e-05,5.715e-05,2.8500000000000015e-06,0,0,2390.9233789891005,1455,True,True,1455,4,1,3,1,1,
b4baed63f5b3c4d8273a,linear-unsat-0176,unsat,17,one_shot,complete,1,CERTIFIED_UNSAT,unsat,1,2e-05,1.905e-05,9.500000000000028e-07,0,0,497.8038342669606,525,True,True,525,1,1,0,1,1,
b4e499493e39a1dccfc1,linear-sat-0057,sat,29,cd_vgs_core_rank,complete,0,BUDGET_EXCEEDED,,16,0.004556,0.00455192,4.080000000000056e-06,0,0,307528.5539953038,42504,True,True,42504,16,16,0,0,4,
b535ac562769bac89926,linear-unsat-0056,unsat,43,cd_vgs_core_rank,complete,1,CERTIFIED_UNSAT,unsat,4,7.6e-05,7.436e-05,1.6400000000000046e-06,0,0,2150.2259261906147,2012,True,True,2012,4,1,3,1,1,
b65e5ec27429fdad80d4,linear-unsat-0168,unsat,17,multi_no_feedback,complete,1,CERTIFIED_UNSAT,unsat,4,7.1e-05,6.803e-05,2.970000000000007e-06,0,0,2380.5293506011367,1791,True,True,1791,4,1,3,1,1,
b682ee8e9d75cf95ae7e,linear-sat-0261,sat,29,multi_no_feedback,complete,0,BUDGET_EXCEEDED,,16,0.004496,0.004486400000000001,9.599999999999366e-06,0,0,301836.3989582285,40320,True,True,40320,16,16,0,0,4,
b742fe654f1d03bf26b8,linear-sat-0261,sat,17,one_shot,complete,0,BUDGET_EXCEEDED,,1,0.000281,0.0002804,6.000000000000146e-07,0,0,16478.939930908382,2520,True,True,2520,1,1,0,0,1,
b7b5e1a6e0c1a67bf495,linear-sat-0137,sat,43,multi_unsat_core_feedback,complete,1,CERTIFIED_SAT,sat,4,0.000745,0.0007440299999999999,9.70000000000094e-07,0,0,81585.25490481406,6671,True,True,6671,4,1,3,1,1,
b7dc9d92bbba0993bc78,linear-sat-0242,sat,29,cd_vgs_core_rank,complete,0,BUDGET_EXCEEDED,,16,0.003711,0.00370149,9.5099999999999e-06,0,0,174216.07760339975,37433,True,True,37433,16,16,0,5,4,
b7f209f92e8393320964,linear-unsat-0148,unsat,43,multi_no_feedback,complete,1,CERTIFIED_UNSAT,unsat,4,7.6e-05,7.319e-05,2.8100000000000087e-06,0,0,1788.9213524758816,2003,True,True,2003,4,1,3,1,1,
b815edf5f8e51f8dc6ac,linear-unsat-0026,unsat,29,one_shot,complete,1,CERTIFIED_UNSAT,unsat,1,1.9e-05,1.82e-05,8.000000000000025e-07,0,0,557.3396980762482,500,True,True,500,1,1,0,1,1,
b822ccaf58fac52ec2d4,linear-sat-0230,sat,43,cd_vgs_core_rank,complete,1,CERTIFIED_SAT,sat,4,0.000214,0.00021284,1.1599999999999957e-06,0,0,14198.373474180698,2388,True,True,2388,4,3,1,3,1,
b839c0e7c39bf85f3ef3,linear-unsat-0148,unsat,17,multi_no_feedback,complete,1,CERTIFIED_UNSAT,unsat,4,7.6e-05,7.332e-05,2.6800000000000082e-06,0,0,1954.1006935760379,2004,True,True,2004,4,1,3,1,1,
b8a5b823344071cfb96b,linear-sat-0031,sat,17,cd_vgs_core_rank,complete,1,CERTIFIED_SAT,sat,16,0.00386,0.003849220000000001,1.0779999999999297e-05,0,0,207551.65068153292,38074,True,True,38074,16,14,2,8,4,
b90911bdef757db9a68d,linear-unsat-0145,unsat,43,multi_generic_feedback,complete,1,CERTIFIED_UNSAT,unsat,4,6e-05,5.94e-05,6.00000000000001e-07,0,0,2058.7040930986404,1540,True,True,1540,4,1,3,1,1,
b96de3eefdd327756c40,linear-unsat-0056,unsat,17,multi_unsat_core_feedback,complete,1,CERTIFIED_UNSAT,unsat,4,7.6e-05,7.436e-05,1.6400000000000046e-06,0,0,2419.1565746441483,2012,True,True,2012,4,1,3,1,1,
b9e8fec90691f88a0e68,linear-unsat-0176,unsat,43,multi_unsat_core_feedback,complete,1,CERTIFIED_UNSAT,unsat,4,8e-05,7.62e-05,3.800000000000011e-06,0,0,2061.6450645029545,2100,True,True,2100,4,1,3,1,1,
ba330d2102cbd746e7cb,linear-unsat-0176,unsat,29,cd_vgs_core_rank,complete,1,CERTIFIED_UNSAT,unsat,4,7.9e-05,7.607e-05,2.9300000000000007e-06,0,0,2465.9314006567,2099,True,True,2099,4,1,3,1,1,
ba5b30a16476d5b4ef1b,linear-sat-0184,sat,43,one_shot,complete,0,BUDGET_EXCEEDED,,1,0.000281,0.0002804,6.000000000000146e-07,0,0,15993.913659825921,2520,True,True,2520,1,1,0,0,1,
ba77352adb4e9a6acd61,linear-sat-0063,sat,43,multi_no_feedback,complete,0,BUDGET_EXCEEDED,,16,0.004434,0.004431440000000001,2.5599999999986744e-06,0,0,268465.72053898126,40488,True,True,40488,16,16,0,1,4,
bacab25f7db718a1e9f5,linear-sat-0244,sat,43,cd_vgs_core_rank,complete,1,CERTIFIED_SAT,sat,8,0.002123,0.0021188199999999996,4.180000000000329e-06,0,0,146416.38384293765,18434,True,True,18434,8,6,2,2,2,
bad1fbdcaef20dddd1d4,linear-unsat-0165,unsat,29,one_shot,complete,1,CERTIFIED_UNSAT,unsat,1,1.5e-05,1.446e-05,5.399999999999999e-07,0,0,517.3967061564326,382,True,True,382,1,1,0,1,1,
baf8f7d1d4d1b0f3558f,linear-sat-0274,sat,29,multi_unsat_core_feedback,complete,1,CERTIFIED_SAT,sat,4,0.000794,0.00079281,1.1899999999999801e-06,0,0,38464.98521603644,7477,True,True,7477,4,2,2,2,1,
bb3d399d031fddc5c2fa,linear-sat-0121,sat,29,multi_no_feedback,complete,1,CERTIFIED_SAT,sat,4,0.000962,0.0009586200000000001,3.379999999999876e-06,0,0,45133.06418247521,8494,True,True,8494,4,2,2,1,1,
bb4665f6d9af8d8b40b9,linear-unsat-0176,unsat,43,multi_no_feedback,complete,1,CERTIFIED_UNSAT,unsat,4,8e-05,7.62e-05,3.800000000000011e-06,0,0,2560.9969701617956,2100,True,True,2100,4,1,3,1,1,
bb71e21e33aac99223a9,linear-sat-0039,sat,17,cd_vgs_core_rank,complete,1,CERTIFIED_SAT,sat,4,0.000636,0.00063349,2.509999999999947e-06,0,0,45964.85376730561,5993,True,True,5993,4,1,3,1,1,
bba0441c778751cee90d,linear-sat-0156,sat,43,multi_generic_feedback,complete,1,CERTIFIED_SAT,sat,4,0.00028,0.00027814,1.8599999999999585e-06,0,0,10617.424380034208,2958,True,True,2958,4,1,3,1,1,
bbdc13540965c30b4f70,linear-sat-0230,sat,43,multi_unsat_core_feedback,complete,1,CERTIFIED_SAT,sat,4,0.000241,0.00023871,2.290000000000007e-06,0,0,13554.56383433193,2587,True,True,2587,4,1,3,1,1,
bc116aac59bd2aaca048,linear-sat-0031,sat,29,multi_generic_feedback,complete,0,BUDGET_EXCEEDED,,16,0.004391,0.004378680000000001,1.2319999999998825e-05,0,0,306386.88620273024,42156,True,True,42156,16,16,0,3,4,
bc71f623909d762c5df5,linear-sat-0186,sat,43,cd_vgs_core_rank,complete,0,BUDGET_EXCEEDED,,16,0.004426,0.0044186500000000005,7.349999999999718e-06,0,0,257367.52980016172,43445,True,True,43445,16,16,0,2,4,
bc84c591ef1e1bcd239a,linear-unsat-0166,unsat,29,multi_unsat_core_feedback,complete,1,CERTIFIED_UNSAT,unsat,4,6.1e-05,6.001e-05,9.899999999999956e-07,0,0,2017.4913611263037,1557,True,True,1557,4,1,3,1,1,
bd28e3610024707798d6,linear-unsat-0146,unsat,17,multi_unsat_core_feedback,complete,1,CERTIFIED_UNSAT,unsat,4,7.2e-05,7.061e-05,1.3899999999999986e-06,0,0,2061.045102775097,1897,True,True,1897,4,1,3,1,1,
bd773dbf7bb7642428cf,linear-sat-0242,sat,29,one_shot,complete,0,BUDGET_EXCEEDED,,1,0.000288,0.0002876,4.000000000000097e-07,0,0,13585.826334543526,2760,True,True,2760,1,1,0,0,1,
bd7b0913b0c6d543e014,linear-sat-0083,sat,43,multi_generic_feedback,complete,1,CERTIFIED_SAT,sat,4,0.000292,0.00028931000000000003,2.6899999999999624e-06,0,0,10995.179769583046,3247,True,True,3247,4,2,2,2,1,
bdd1a1a610291a2f956a,linear-unsat-0053,unsat,17,multi_no_feedback,complete,1,CERTIFIED_UNSAT,unsat,4,9.2e-05,9.025e-05,1.7500000000000019e-06,0,0,2295.886163599789,2565,True,True,2565,4,1,3,1,1,
bdee867943482639ead8,linear-sat-0214,sat,17,cd_vgs_core_rank,complete,0,BUDGET_EXCEEDED,,16,0.004576,0.004571119999999998,4.880000000002244e-06,0,0,271578.0928507447,43144,True,True,43144,16,16,0,0,4,
bdffd308edf6adfbc01e,linear-unsat-0023,unsat,43,multi_no_feedback,complete,1,CERTIFIED_UNSAT,unsat,4,6e-05,5.975e-05,2.499999999999993e-07,0,0,2084.6558222547174,1555,True,True,1555,4,1,3,1,1,
be3263cca24e3468d7b0,linear-sat-0186,sat,29,cd_vgs_core_rank,complete,0,BUDGET_EXCEEDED,,16,0.004592,0.004584790000000001,7.209999999998815e-06,0,0,269053.74850332737,44723,True,True,44723,16,16,0,1,4,
be9a3c4fddb9b7ed4bc4,linear-sat-0159,sat,29,one_shot,complete,0,BUDGET_EXCEEDED,,1,0.000287,0.0002864,5.999999999999604e-07,0,0,14672.030374407768,2720,True,True,2720,1,1,0,0,1,
bef01dacad19c7e9105b,linear-sat-0261,sat,17,multi_no_feedback,complete,0,BUDGET_EXCEEDED,,16,0.004496,0.004486400000000001,9.599999999999366e-06,0,0,237909.00241583586,40320,True,True,40320,16,16,0,0,4,
bf050a6627cf1c9bff0b,linear-unsat-0010,unsat,17,multi_no_feedback,complete,1,CERTIFIED_UNSAT,unsat,4,8.4e-05,8.183000000000001e-05,2.1699999999999877e-06,0,0,2384.1797206550837,2291,True,True,2291,4,1,3,1,1,
bf4c8e7842c919cf20f0,linear-sat-0220,sat,17,multi_no_feedback,complete,1,CERTIFIED_SAT,sat,4,0.000595,0.00059343,1.5700000000000002e-06,0,0,31189.575652591884,5771,True,True,5771,4,1,3,1,1,
bf9409807cf6365383b3,linear-sat-0184,sat,43,multi_no_feedback,complete,1,CERTIFIED_SAT,sat,8,0.002009,0.00200439,4.609999999999944e-06,0,0,129632.10154417902,18323,True,True,18323,8,7,1,2,2,
bfd76526376adda674c2,linear-sat-0068,sat,43,multi_no_feedback,complete,1,CERTIFIED_SAT,sat,4,0.000618,0.00061614,1.8599999999999043e-06,0,0,41898.93116615713,6118,True,True,6118,4,1,3,1,1,
bfd792c23ac8f60490ab,linear-sat-0242,sat,29,multi_generic_feedback,complete,0,BUDGET_EXCEEDED,,16,0.004299,0.00428881,1.0190000000000199e-05,0,0,271779.62419297546,41957,True,True,41957,16,16,0,2,4,
c01e18f4ee7a2cef63b0,linear-unsat-0146,unsat,29,cd_vgs_core_rank,complete,1,CERTIFIED_UNSAT,unsat,4,7.2e-05,7.022e-05,1.78e-06,0,0,1888.3885201066732,1894,True,True,1894,4,1,3,1,1,
c090da376f26f78050cc,linear-sat-0057,sat,17,multi_unsat_core_feedback,complete,0,BUDGET_EXCEEDED,,16,0.004291,0.00428672,4.279999999999735e-06,0,0,175946.65741734207,40464,True,True,40464,16,16,0,2,4,
c16bfef60e257130bdb0,linear-sat-0063,sat,43,multi_unsat_core_feedback,complete,0,BUDGET_EXCEEDED,,16,0.004444,0.004437149999999998,6.85000000000182e-06,0,0,245131.61010760814,40735,True,True,40735,16,16,0,1,4,
c1816efae35815960747,linear-unsat-0053,unsat,29,one_shot,complete,1,CERTIFIED_UNSAT,unsat,1,2.3e-05,2.253e-05,4.700000000000006e-07,0,0,1023.0736127123237,641,True,True,641,1,1,0,1,1,
c2252bec0ce669584788,linear-sat-0186,sat,43,multi_no_feedback,complete,0,BUDGET_EXCEEDED,,16,0.004546,0.0045428,3.2000000000000778e-06,0,0,196260.0041925907,44200,True,True,44200,16,16,0,1,4,
c328fabebd2697208daf,linear-sat-0184,sat,29,multi_unsat_core_feedback,complete,0,BUDGET_EXCEEDED,,16,0.004476,0.0044626,1.3400000000000217e-05,0,0,249218.9356442541,40340,True,True,40340,16,16,0,1,4,
c3873a71a2c9d9b90582,linear-unsat-0044,unsat,29,multi_generic_feedback,complete,1,CERTIFIED_UNSAT,unsat,4,0.000112,0.00011032,1.6799999999999975e-06,0,0,2191.8052416294813,3224,True,True,3224,4,1,3,1,1,
c3afd6a10ac921baff06,linear-unsat-0148,unsat,43,one_shot,complete,1,CERTIFIED_UNSAT,unsat,1,1.9e-05,1.833e-05,6.700000000000021e-07,0,0,509.926057420671,501,True,True,501,1,1,0,1,1,
c3f65f89718ca935425a,linear-unsat-0128,unsat,43,one_shot,complete,1,CERTIFIED_UNSAT,unsat,1,2.5e-05,2.492e-05,8.000000000000262e-08,0,0,1177.9085574671626,724,True,True,724,1,1,0,1,1,
c41bbdcaf59dfcdf805f,linear-sat-0197,sat,29,multi_no_feedback,complete,0,BUDGET_EXCEEDED,,16,0.004389,0.004382939999999999,6.06000000000044e-06,0,0,227505.0351107493,42478,True,True,42478,16,16,0,2,4,
c46c0ebf7a577077535d,linear-unsat-0128,unsat,29,multi_no_feedback,complete,1,CERTIFIED_UNSAT,unsat,4,0.0001,9.968e-05,3.200000000000105e-07,0,0,2120.419698767364,2896,True,True,2896,4,1,3,1,1,
c46eb7f234988641d1bd,linear-unsat-0125,unsat,29,cd_vgs_core_rank,complete,1,CERTIFIED_UNSAT,unsat,4,0.000103,0.00010007,2.9300000000000007e-06,0,0,2155.554232187569,2899,True,True,2899,4,1,3,1,1,
c514540d4159e176d60a,linear-sat-0159,sat,29,cd_vgs_core_rank,complete,0,BUDGET_EXCEEDED,unsat,16,0.004341,0.00432824,1.2760000000000549e-05,0,0,203293.11022162437,41768,True,True,41768,16,16,0,1,4,
c5f0ba2386cb1cc701e9,linear-sat-0022,sat,29,cd_vgs_core_rank,complete,0,BUDGET_EXCEEDED,,16,0.00454,0.004532720000000001,7.279999999998399e-06,0,0,210220.1067470014,41864,True,True,41864,16,16,0,0,4,
c5f7527a5254770debce,linear-sat-0292,sat,43,multi_generic_feedback,complete,1,CERTIFIED_SAT,sat,4,0.000342,0.00033915000000000003,2.849999999999988e-06,0,0,21132.231701165438,3495,True,True,3495,4,1,3,1,1,
c6c02877885f1d2d037b,linear-sat-0274,sat,17,cd_vgs_core_rank,complete,1,CERTIFIED_SAT,sat,4,0.000714,0.0007124700000000001,1.5299999999999125e-06,0,0,27653.572311624885,6859,True,True,6859,4,1,3,1,1,
c75e97e2b99733352258,linear-unsat-0026,unsat,43,multi_unsat_core_feedback,complete,1,CERTIFIED_UNSAT,unsat,4,7.6e-05,7.332e-05,2.6800000000000082e-06,0,0,2809.593149460852,2004,True,True,2004,4,1,3,1,1,
c77b8a93af278e6b3284,linear-sat-0230,sat,29,multi_generic_feedback,complete,1,CERTIFIED_SAT,sat,4,0.000257,0.0002547,2.3000000000000017e-06,0,0,15195.42938657105,2710,True,True,2710,4,1,3,1,1,
c7d7d90f19fb443085a8,linear-sat-0233,sat,29,multi_generic_feedback,complete,1,CERTIFIED_SAT,sat,4,0.000446,0.00044402,1.9800000000000048e-06,0,0,21748.299170285463,4234,True,True,4234,4,1,3,1,1,
c7ed82ec2cf90c68b4f0,linear-sat-0186,sat,29,multi_no_feedback,complete,0,BUDGET_EXCEEDED,,16,0.004542,0.00453864,3.359999999999995e-06,0,0,177816.08960404992,44168,True,True,44168,16,16,0,1,4,
c80fc662d6e3608f3b9a,linear-sat-0137,sat,17,cd_vgs_core_rank,complete,1,CERTIFIED_SAT,sat,4,0.000755,0.00075313,1.8700000000000617e-06,0,0,47174.36600942165,6741,True,True,6741,4,1,3,1,1,
c91de43d0d198b929ce7,linear-sat-0068,sat,29,cd_vgs_core_rank,complete,1,CERTIFIED_SAT,sat,4,0.000553,0.00055049,2.509999999999947e-06,0,0,38651.58806461841,5613,True,True,5613,4,1,3,1,1,
c96011c27c073617f5d8,linear-sat-0205,sat,43,multi_unsat_core_feedback,complete,1,CERTIFIED_SAT,sat,8,0.002137,0.00213118,5.820000000000131e-06,0,0,104611.83251906186,19366,True,True,19366,8,6,2,1,2,
c9646c614295ea81daa5,linear-unsat-0168,unsat,43,multi_generic_feedback,complete,1,CERTIFIED_UNSAT,unsat,4,7.2e-05,6.816e-05,3.840000000000004e-06,0,0,13998.067637905478,1792,True,True,1792,4,1,3,1,1,
c972ede903587ac51fc2,linear-sat-0156,sat,43,cd_vgs_core_rank,complete,1,CERTIFIED_SAT,sat,4,0.000204,0.00020196,2.040000000000001e-06,0,0,8480.903206393123,2372,True,True,2372,4,1,3,1,1,
c9c339c5bf19a84f8337,linear-unsat-0168,unsat,17,multi_generic_feedback,complete,1,CERTIFIED_UNSAT,unsat,4,7.1e-05,6.803e-05,2.970000000000007e-06,0,0,2750.189715065062,1791,True,True,1791,4,1,3,1,1,
ca67561e9a985ba9586d,linear-unsat-0078,unsat,29,multi_generic_feedback,complete,1,CERTIFIED_UNSAT,unsat,4,7.9e-05,7.607e-05,2.9300000000000007e-06,0,0,2013.5668748989701,2099,True,True,2099,4,1,3,1,1,
ca72c23214786dc463b4,linear-sat-0274,sat,17,multi_unsat_core_feedback,complete,1,CERTIFIED_SAT,sat,4,0.000691,0.00068959,1.4099999999999746e-06,0,0,44997.76861257851,6683,True,True,6683,4,1,3,1,1,
cb20be409796d32fc97d,linear-sat-0083,sat,17,multi_no_feedback,complete,1,CERTIFIED_SAT,sat,4,0.000388,0.00038551,2.4900000000000117e-06,0,0,27218.186173588037,3987,True,True,3987,4,1,3,1,1,
cb2228eeee6c94362b54,linear-unsat-0034,unsat,29,multi_unsat_core_feedback,complete,1,CERTIFIED_UNSAT,unsat,4,5.6e-05,5.464e-05,1.3600000000000005e-06,0,0,2112.4981828033924,1368,True,True,1368,4,1,3,1,1,
cb88691c49874c7f458d,linear-sat-0280,sat,29,multi_unsat_core_feedback,complete,1,CERTIFIED_SAT,sat,4,0.001031,0.00103028,7.200000000000609e-07,0,0,64034.376641735435,9316,True,True,9316,4,2,2,1,1,
cbfeed6863d429ff74e1,linear-unsat-0167,unsat,29,multi_no_feedback,complete,1,CERTIFIED_UNSAT,unsat,4,6.4e-05,6.324e-05,7.599999999999995e-07,0,0,2309.3577809631824,1668,True,True,1668,4,1,3,1,1,
cc2b803f77989b936143,linear-sat-0244,sat,43,multi_unsat_core_feedback,complete,1,CERTIFIED_SAT,sat,4,0.000982,0.00097996,2.040000000000028e-06,0,0,62053.41220833361,8572,True,True,8572,4,4,0,1,1,
cce07784732c69248b69,linear-unsat-0146,unsat,43,multi_unsat_core_feedback,complete,1,CERTIFIED_UNSAT,unsat,4,7.2e-05,7.061e-05,1.3899999999999986e-06,0,0,2041.334019973874,1897,True,True,1897,4,1,3,1,1,
cd96da8d7447adbb8d5f,linear-unsat-0173,unsat,43,cd_vgs_core_rank,complete,1,CERTIFIED_UNSAT,unsat,4,9.2e-05,9.008e-05,1.919999999999995e-06,0,0,2089.018549770117,2576,True,True,2576,4,1,3,1,1,
cddbb83361f53586d62f,linear-unsat-0167,unsat,43,one_shot,complete,1,CERTIFIED_UNSAT,unsat,1,1.6e-05,1.581e-05,1.8999999999999987e-07,0,0,487.54808865487576,417,True,True,417,1,1,0,1,1,
ce6bba525e4dea7c28aa,linear-unsat-0085,unsat,17,one_shot,complete,1,CERTIFIED_UNSAT,unsat,1,1.5e-05,1.432e-05,6.800000000000003e-07,0,0,543.3940133079886,364,True,True,364,1,1,0,1,1,
ce8cba86e5e91381edc9,linear-sat-0263,sat,29,cd_vgs_core_rank,complete,0,BUDGET_EXCEEDED,,16,0.004477,0.0044706999999999985,6.300000000001617e-06,0,0,180449.70300700516,40990,True,True,40990,16,16,0,2,4,
cf4e65b0e3828d253086,linear-sat-0039,sat,29,multi_generic_feedback,complete,1,CERTIFIED_SAT,sat,4,0.000634,0.00063141,2.590000000000014e-06,0,0,39911.61972936243,5977,True,True,5977,4,1,3,1,1,
cf60e65f96e273c65ec5,linear-unsat-0085,unsat,17,multi_no_feedback,complete,1,CERTIFIED_UNSAT,unsat,4,6e-05,5.728e-05,2.720000000000001e-06,0,0,2624.8263297602534,1456,True,True,1456,4,1,3,1,1,
cf7800eb82611e2b9ea7,linear-sat-0057,sat,29,multi_no_feedback,complete,0,BUDGET_EXCEEDED,,16,0.004544,0.004544000000000001,0.0,0,0,292649.80193413794,42240,True,True,42240,16,16,0,0,4,
cf8da1083087642e0bcf,linear-unsat-0166,unsat,43,multi_generic_feedback,complete,1,CERTIFIED_UNSAT,unsat,4,6e-05,5.988e-05,1.1999999999999885e-07,0,0,3243.493906222284,1556,True,True,1556,4,1,3,1,1,
d02c852a91c8fd5dfae3,linear-unsat-0148,unsat,17,one_shot,complete,1,CERTIFIED_UNSAT,unsat,1,1.9e-05,1.846e-05,5.400000000000016e-07,0,0,632.7490573748946,502,True,True,502,1,1,0,1,1,
d03cb0a7d1ba1a577bea,linear-unsat-0168,unsat,17,multi_unsat_core_feedback,complete,1,CERTIFIED_UNSAT,unsat,4,7.2e-05,6.816e-05,3.840000000000004e-06,0,0,1725.938263349235,1792,True,True,1792,4,1,3,1,1,
d09544bbb5e48a0a21ef,linear-unsat-0044,unsat,29,multi_unsat_core_feedback,complete,1,CERTIFIED_UNSAT,unsat,4,0.000112,0.00011045,1.549999999999997e-06,0,0,2441.348396241665,3225,True,True,3225,4,1,3,1,1,
d10d7e95030c4353224d,linear-sat-0159,sat,43,multi_generic_feedback,stopped,0,,,2,0.000574,0.0005728,1.1999999999999207e-06,0,0,36632.80085846782,,False,False,,,,,,,StudyStopped
d11e5412a9b7fb6202d5,linear-sat-0186,sat,43,multi_unsat_core_feedback,complete,0,BUDGET_EXCEEDED,,16,0.004546,0.00453863,7.369999999999599e-06,0,0,223960.88765747845,44371,True,True,44371,16,16,0,1,4,
d13fc2ecb6c86f06ef4b,linear-unsat-0078,unsat,43,multi_no_feedback,complete,1,CERTIFIED_UNSAT,unsat,4,8e-05,7.62e-05,3.800000000000011e-06,0,0,2832.0802319794893,2100,True,True,2100,4,1,3,1,1,
d1478cb3ad5cb20786b7,linear-sat-0220,sat,43,one_shot,complete,1,CERTIFIED_SAT,sat,1,0.000155,0.00015476,2.4000000000001125e-07,0,0,10636.241726577282,1492,True,True,1492,1,1,0,1,1,
d1687c635bf02b0f95f7,linear-sat-0028,sat,43,one_shot,complete,0,BUDGET_EXCEEDED,,1,0.000289,0.0002888,1.9999999999995065e-07,0,0,33317.959412932396,2800,True,True,2800,1,1,0,0,1,
d207fbf7da5c19a32cec,linear-unsat-0034,unsat,29,multi_no_feedback,complete,1,CERTIFIED_UNSAT,unsat,4,5.6e-05,5.464e-05,1.3600000000000005e-06,0,0,1850.5816431716084,1368,True,True,1368,4,1,3,1,1,
d2a57632b376e40d1ea5,linear-sat-0292,sat,29,one_shot,complete,1,CERTIFIED_SAT,sat,1,8.3e-05,8.274e-05,2.600000000000009e-07,0,0,7274.969162419438,858,True,True,858,1,1,0,1,1,
d3f55f4865eb56dda074,linear-sat-0186,sat,29,multi_unsat_core_feedback,complete,0,BUDGET_EXCEEDED,,16,0.004636,0.00462872,7.280000000000134e-06,0,0,272236.89670301974,45064,True,True,45064,16,16,0,0,4,
d421fc439c662dd54655,linear-sat-0192,sat,29,one_shot,complete,1,CERTIFIED_SAT,sat,1,0.000145,0.00014437,6.29999999999999e-07,0,0,5849.161375313997,1369,True,True,1369,1,1,0,1,1,
d429602b6273455e5b8a,linear-sat-0121,sat,43,cd_vgs_core_rank,complete,1,CERTIFIED_SAT,sat,4,0.000843,0.0008400599999999999,2.940000000000104e-06,0,0,97396.52962703258,7582,True,True,7582,4,3,1,1,1,
d43633cd941868fe2a60,linear-unsat-0078,unsat,17,one_shot,complete,1,CERTIFIED_UNSAT,unsat,1,2e-05,1.905e-05,9.500000000000028e-07,0,0,533.1143802031875,525,True,True,525,1,1,0,1,1,
d478370ade9af6f4c2f1,linear-sat-0156,sat,17,multi_generic_feedback,complete,1,CERTIFIED_SAT,sat,4,0.000277,0.00027488999999999997,2.110000000000046e-06,0,0,14781.35116584599,2933,True,True,2933,4,1,3,1,1,
d4a002ece6df87c9fdf9,linear-unsat-0166,unsat,17,multi_generic_feedback,complete,1,CERTIFIED_UNSAT,unsat,4,6.1e-05,6.001e-05,9.899999999999956e-07,0,0,2359.7680097445846,1557,True,True,1557,4,1,3,1,1,
d4e4c3715ef2e0228d82,linear-unsat-0128,unsat,17,multi_unsat_core_feedback,complete,1,CERTIFIED_UNSAT,unsat,4,0.0001,9.968e-05,3.200000000000105e-07,0,0,2349.671835079789,2896,True,True,2896,4,1,3,1,1,
d5ac717580db18e30ed2,linear-sat-0083,sat,29,cd_vgs_core_rank,complete,1,CERTIFIED_SAT,sat,4,0.000385,0.00038304,1.959999999999961e-06,0,0,17610.567876137793,3968,True,True,3968,4,1,3,1,1,
d621761dc65da62208de,linear-sat-0205,sat,17,cd_vgs_core_rank,complete,0,BUDGET_EXCEEDED,,16,0.004508,0.0044943199999999996,1.3680000000000289e-05,0,0,231880.95662835985,40584,True,True,40584,16,16,0,0,4,
d66f9ccc9978ce734704,linear-unsat-0125,unsat,29,one_shot,complete,1,CERTIFIED_UNSAT,unsat,1,2.6e-05,2.505e-05,9.499999999999994e-07,0,0,509.99545212835073,725,True,True,725,1,1,0,1,1,
d68f99d64cd70527c4b5,linear-sat-0057,sat,43,multi_generic_feedback,complete,0,BUDGET_EXCEEDED,,16,0.004535,0.00453073,4.269999999999795e-06,0,0,305621.7150967568,42341,True,True,42341,16,16,0,1,4,
d6c8e93583520f78aa2d,linear-unsat-0026,unsat,17,cd_vgs_core_rank,complete,1,CERTIFIED_UNSAT,unsat,4,7.6e-05,7.332e-05,2.6800000000000082e-06,0,0,2001.5487605705857,2004,True,True,2004,4,1,3,1,1,
d7249bc1c31657638b5d,linear-unsat-0085,unsat,29,cd_vgs_core_rank,complete,1,CERTIFIED_UNSAT,unsat,4,6e-05,5.728e-05,2.720000000000001e-06,0,0,2072.50465080142,1456,True,True,1456,4,1,3,1,1,
d7da81159240702a9059,linear-unsat-0078,unsat,43,cd_vgs_core_rank,complete,1,CERTIFIED_UNSAT,unsat,4,8e-05,7.62e-05,3.800000000000011e-06,0,0,2051.295028999448,2100,True,True,2100,4,1,3,1,1,
d8811d04221ec80c7984,linear-unsat-0128,unsat,29,one_shot,complete,1,CERTIFIED_UNSAT,unsat,1,2.5e-05,2.492e-05,8.000000000000262e-08,0,0,496.5964024886489,724,True,True,724,1,1,0,1,1,
d88b23671974364aaad1,linear-unsat-0044,unsat,29,cd_vgs_core_rank,complete,1,CERTIFIED_UNSAT,unsat,4,0.000112,0.00011058,1.4199999999999966e-06,0,0,2745.3965935856104,3226,True,True,3226,4,1,3,1,1,
d91e684f05b8a2e01dee,linear-sat-0057,sat,29,multi_generic_feedback,complete,0,BUDGET_EXCEEDED,,16,0.004556,0.00455192,4.080000000000056e-06,0,0,269104.76309712976,42504,True,True,42504,16,16,0,0,4,
d987aba4b1fab1d68d29,linear-sat-0242,sat,43,multi_generic_feedback,complete,0,BUDGET_EXCEEDED,unsat,16,0.00374,0.003730589999999999,9.410000000000928e-06,0,0,157782.71677158773,37663,True,True,37663,16,16,0,4,4,
d99e8b63ead2a7ea2bf6,linear-sat-0063,sat,17,multi_generic_feedback,complete,1,CERTIFIED_SAT,sat,12,0.003386,0.0033817699999999992,4.2300000000009e-06,0,0,225212.78926357627,30949,True,True,30949,12,10,2,1,3,
daeb446529ffc4452012,linear-sat-0242,sat,17,multi_unsat_core_feedback,complete,0,BUDGET_EXCEEDED,,16,0.004363,0.004352769999999999,1.0230000000000829e-05,0,0,277047.73473367095,42449,True,True,42449,16,16,0,1,4,
db18937f121c76788238,linear-sat-0068,sat,29,multi_generic_feedback,complete,1,CERTIFIED_SAT,sat,4,0.000635,0.0006333,1.6999999999999871e-06,0,0,36180.894220247865,6250,True,True,6250,4,1,3,1,1,
dbaec9d0a5ab3f3c6a21,linear-unsat-0173,unsat,29,one_shot,complete,1,CERTIFIED_UNSAT,unsat,1,2.3e-05,2.252e-05,4.799999999999988e-07,0,0,606.5156059339643,644,True,True,644,1,1,0,1,1,
dbc43d82f5d832a6c4cc,linear-sat-0184,sat,17,multi_unsat_core_feedback,complete,0,BUDGET_EXCEEDED,,16,0.004486,0.00447287,1.3130000000000086e-05,0,0,181585.00035107136,40419,True,True,40419,16,16,0,1,4,
dc2c2880c3f20dc57274,linear-sat-0061,sat,17,one_shot,complete,1,CERTIFIED_SAT,sat,1,0.000189,0.00018856,4.400000000000161e-07,0,0,11187.386929988861,1752,True,True,1752,1,1,0,1,1,
dd92d9d8340ad621033d,linear-sat-0121,sat,29,cd_vgs_core_rank,complete,1,CERTIFIED_SAT,sat,8,0.001976,0.00197202,3.979999999999782e-06,0,0,143330.26950247586,17474,True,True,17474,8,7,1,2,2,
dda91e281149b582f50e,linear-unsat-0125,unsat,17,multi_no_feedback,complete,1,CERTIFIED_UNSAT,unsat,4,0.000102,9.994e-05,2.060000000000004e-06,0,0,2630.7282634079456,2898,True,True,2898,4,1,3,1,1,
de61501cb979f4118697,linear-unsat-0176,unsat,17,multi_generic_feedback,complete,1,CERTIFIED_UNSAT,unsat,4,8e-05,7.62e-05,3.800000000000011e-06,0,0,2578.908445313573,2100,True,True,2100,4,1,3,1,1,
de69aa307ef0a695c810,linear-sat-0137,sat,29,multi_unsat_core_feedback,complete,1,CERTIFIED_SAT,sat,4,0.000928,0.00092668,1.319999999999967e-06,0,0,43800.53841043264,8076,True,True,8076,4,1,3,1,1,
de80d0a8116d0129f5fe,linear-sat-0028,sat,29,multi_generic_feedback,complete,0,BUDGET_EXCEEDED,,16,0.003382,0.003374610000000001,7.389999999999047e-06,0,0,150708.29138252884,35417,True,True,35417,16,16,0,6,4,
deff70c37245deed8aec,linear-sat-0263,sat,43,one_shot,complete,0,BUDGET_EXCEEDED,,1,0.000282,0.00028184,1.6000000000002557e-07,0,0,19422.903538681567,2568,True,True,2568,1,1,0,0,1,
df547c3de0624eb168d5,linear-sat-0184,sat,29,multi_generic_feedback,complete,1,CERTIFIED_SAT,sat,16,0.004307,0.00429477,1.2230000000000227e-05,0,0,203274.1595013067,39049,True,True,39049,16,14,2,1,4,
df71bbbe46e3c6b399b0,linear-unsat-0056,unsat,43,multi_unsat_core_feedback,complete,1,CERTIFIED_UNSAT,unsat,4,7.6e-05,7.449e-05,1.5100000000000042e-06,0,0,2529.604115523398,2013,True,True,2013,4,1,3,1,1,
e0351ebf54ebcb639206,linear-sat-0039,sat,17,multi_unsat_core_feedback,complete,1,CERTIFIED_SAT,sat,4,0.000675,0.0006727500000000001,2.2499999999999734e-06,0,0,38549.06452819705,6295,True,True,6295,4,1,3,1,1,
e115c3e336df9d568e0e,linear-unsat-0146,unsat,29,multi_no_feedback,complete,1,CERTIFIED_UNSAT,unsat,4,7.2e-05,7.074e-05,1.259999999999998e-06,0,0,1898.2485719025135,1898,True,True,1898,4,1,3,1,1,
e14d947232006e7a0d97,linear-unsat-0023,unsat,29,one_shot,complete,1,CERTIFIED_UNSAT,unsat,1,1.5e-05,1.497e-05,2.999999999999971e-08,0,0,560.262406244874,389,True,True,389,1,1,0,1,1,
e18ec512dd0864a5e6a8,linear-sat-0068,sat,29,multi_no_feedback,complete,1,CERTIFIED_SAT,sat,4,0.000646,0.0006437,2.3000000000000017e-06,0,0,39236.29908449948,6330,True,True,6330,4,1,3,1,1,
e1a1fa74dae11ded1850,linear-unsat-0044,unsat,43,cd_vgs_core_rank,complete,1,CERTIFIED_UNSAT,unsat,4,0.000112,0.00011045,1.549999999999997e-06,0,0,2430.841874331236,3225,True,True,3225,4,1,3,1,1,
e1a52877ed79cdb04769,linear-unsat-0053,unsat,43,multi_no_feedback,complete,1,CERTIFIED_UNSAT,unsat,4,9.2e-05,9.025e-05,1.7500000000000019e-06,0,0,1900.690920650959,2565,True,True,2565,4,1,3,1,1,
e1db1ec7b6a90e34e414,linear-sat-0184,sat,29,multi_no_feedback,complete,1,CERTIFIED_SAT,sat,16,0.004404,0.004394880000000001,9.119999999998747e-06,0,0,266992.82696377486,39616,True,True,39616,16,14,2,1,4,
e1fc9cf00272e43b0dde,linear-sat-0197,sat,43,cd_vgs_core_rank,complete,0,BUDGET_EXCEEDED,,16,0.003874,0.0038645,9.49999999999996e-06,0,0,187108.22447482497,38690,True,True,38690,16,16,0,3,4,
e23da936fe2680e1e3fc,linear-unsat-0010,unsat,29,cd_vgs_core_rank,complete,1,CERTIFIED_UNSAT,unsat,4,8.4e-05,8.157e-05,2.4299999999999886e-06,0,0,1965.1252096518874,2289,True,True,2289,4,1,3,1,1,
e28391614ba8b3a25d36,linear-unsat-0023,unsat,43,multi_unsat_core_feedback,complete,1,CERTIFIED_UNSAT,unsat,4,6e-05,5.988e-05,1.1999999999999885e-07,0,0,2259.096219204366,1556,True,True,1556,4,1,3,1,1,
e2c575e1d45a12dc7a80,linear-unsat-0165,unsat,17,one_shot,complete,1,CERTIFIED_UNSAT,unsat,1,1.5e-05,1.446e-05,5.399999999999999e-07,0,0,433.3860632032156,382,True,True,382,1,1,0,1,1,
e32a8b5ecfb4da7cf9d2,linear-unsat-0034,unsat,43,multi_generic_feedback,complete,1,CERTIFIED_UNSAT,unsat,4,5.6e-05,5.464e-05,1.3600000000000005e-06,0,0,2346.036142669618,1368,True,True,1368,4,1,3,1,1,
e34bea88de57dc078887,linear-unsat-0125,unsat,17,cd_vgs_core_rank,complete,1,CERTIFIED_UNSAT,unsat,4,0.000101,9.981e-05,1.1900000000000072e-06,0,0,3312.015123665333,2897,True,True,2897,4,1,3,1,1,
e3bb305292c196a34df3,linear-sat-0031,sat,43,multi_unsat_core_feedback,complete,0,BUDGET_EXCEEDED,,16,0.004593,0.004579660000000001,1.3339999999998839e-05,0,0,239239.6940998733,43702,True,True,43702,16,16,0,3,4,
e412964754af3de97bc2,linear-unsat-0026,unsat,17,multi_unsat_core_feedback,complete,1,CERTIFIED_UNSAT,unsat,4,7.6e-05,7.332e-05,2.6800000000000082e-06,0,0,2267.341189086437,2004,True,True,2004,4,1,3,1,1,
e41c844a3d01d9cf6283,linear-unsat-0176,unsat,43,multi_generic_feedback,complete,1,CERTIFIED_UNSAT,unsat,4,8e-05,7.62e-05,3.800000000000011e-06,0,0,1979.1475925594568,2100,True,True,2100,4,1,3,1,1,
e4ea3e94b85f98866b5e,linear-sat-0054,sat,17,cd_vgs_core_rank,complete,1,CERTIFIED_SAT,sat,4,0.001103,0.0011021100000000001,8.899999999999186e-07,0,0,62710.21148003638,10287,True,True,10287,4,3,1,1,1,
e53e87f06fb8cee85ebc,linear-sat-0244,sat,17,one_shot,complete,0,BUDGET_EXCEEDED,,1,0.000277,0.00027632,6.800000000000274e-07,0,0,11983.276463113725,2384,True,True,2384,1,1,0,0,1,
e590e79ed86419207535,linear-sat-0261,sat,43,one_shot,complete,0,BUDGET_EXCEEDED,,1,0.000281,0.0002804,6.000000000000146e-07,0,0,15489.629766903818,2520,True,True,2520,1,1,0,0,1,
e5d0874cc03537e50f9f,linear-sat-0230,sat,29,multi_no_feedback,complete,1,CERTIFIED_SAT,sat,4,0.000252,0.00025002,1.9800000000000048e-06,0,0,16305.466212332249,2674,True,True,2674,4,1,3,1,1,
e67243595ce8db488b96,linear-sat-0031,sat,17,multi_unsat_core_feedback,complete,0,BUDGET_EXCEEDED,,16,0.004277,0.004264800000000001,1.2199999999999538e-05,0,0,245673.7090209499,41280,True,True,41280,16,16,0,4,4,
e6733d9d21747fcfdbba,linear-unsat-0167,unsat,29,multi_unsat_core_feedback,complete,1,CERTIFIED_UNSAT,unsat,4,6.4e-05,6.324e-05,7.599999999999995e-07,0,0,2574.01139754802,1668,True,True,1668,4,1,3,1,1,
e6edd90193495c7b57de,linear-unsat-0173,unsat,43,multi_generic_feedback,complete,1,CERTIFIED_UNSAT,unsat,4,9.2e-05,8.969000000000002e-05,2.309999999999983e-06,0,0,2071.7226564884186,2573,True,True,2573,4,1,3,1,1,
e6f553d4a48951fe279a,linear-unsat-0173,unsat,43,multi_no_feedback,complete,1,CERTIFIED_UNSAT,unsat,4,9.2e-05,9.008e-05,1.919999999999995e-06,0,0,1682.7553231269121,2576,True,True,2576,4,1,3,1,1,
e75153992571e9b7712e,linear-sat-0137,sat,43,multi_generic_feedback,complete,1,CERTIFIED_SAT,sat,4,0.000804,0.0008020099999999999,1.990000000000108e-06,0,0,40019.66366544366,7117,True,True,7117,4,1,3,1,1,
e7b0012e1b93d46325b8,linear-unsat-0148,unsat,43,cd_vgs_core_rank,complete,1,CERTIFIED_UNSAT,unsat,4,7.6e-05,7.319e-05,2.8100000000000087e-06,0,0,2772.6590018719435,2003,True,True,2003,4,1,3,1,1,
e80f7c58f3b9e768dc80,linear-sat-0186,sat,17,multi_no_feedback,complete,0,BUDGET_EXCEEDED,,16,0.004561,0.00455788,3.1199999999996855e-06,0,0,302413.660146296,44316,True,True,44316,16,16,0,1,4,
e8311180b2ef0d1c165d,linear-sat-0233,sat,29,multi_unsat_core_feedback,complete,1,CERTIFIED_SAT,sat,4,0.000518,0.00051591,2.0900000000000562e-06,0,0,25764.84300289303,4787,True,True,4787,4,1,3,1,1,
e8d54198c50b325f081a,linear-unsat-0148,unsat,29,cd_vgs_core_rank,complete,1,CERTIFIED_UNSAT,unsat,4,7.6e-05,7.332e-05,2.6800000000000082e-06,0,0,1948.8488137722015,2004,True,True,2004,4,1,3,1,1,
e8eb2cf4fba85e020006,linear-sat-0156,sat,17,multi_no_feedback,complete,1,CERTIFIED_SAT,sat,4,0.00031,0.00030700000000000004,2.9999999999999645e-06,0,0,16541.461129672825,3180,True,True,3180,4,1,3,1,1,
e9534d007a58727bcc8d,linear-unsat-0056,unsat,29,multi_unsat_core_feedback,complete,1,CERTIFIED_UNSAT,unsat,4,7.6e-05,7.462e-05,1.3800000000000037e-06,0,0,1855.0861971452832,2014,True,True,2014,4,1,3,1,1,
e994f763c5b5e187545c,linear-sat-0063,sat,29,one_shot,complete,0,BUDGET_EXCEEDED,,1,0.000282,0.00028184,1.6000000000002557e-07,0,0,18254.4221309945,2568,True,True,2568,1,1,0,0,1,
e9bc33ba41ce8b7fed65,linear-sat-0233,sat,43,cd_vgs_core_rank,complete,1,CERTIFIED_SAT,sat,4,0.000413,0.00041164999999999995,1.35000000000006e-06,0,0,20657.31806959957,3985,True,True,3985,4,1,3,1,1,
ea6e58095de072554819,linear-unsat-0167,unsat,29,multi_generic_feedback,complete,1,CERTIFIED_UNSAT,unsat,4,6.4e-05,6.311e-05,8.9e-07,0,0,2712.9174564033747,1667,True,True,1667,4,1,3,1,1,
ead9bba6983ffbc16547,linear-sat-0263,sat,29,multi_no_feedback,complete,0,BUDGET_EXCEEDED,,16,0.004468,0.004465500000000002,2.4999999999981634e-06,0,0,323605.4944731295,40750,True,True,40750,16,16,0,1,4,
eadb9d433e67056c2b4d,linear-unsat-0166,unsat,17,one_shot,complete,1,CERTIFIED_UNSAT,unsat,1,1.6e-05,1.51e-05,8.999999999999999e-07,0,0,423.1880558654666,390,True,True,390,1,1,0,1,1,
eb96531d7de137043e56,linear-sat-0292,sat,17,multi_unsat_core_feedback,complete,1,CERTIFIED_SAT,sat,4,0.000373,0.00037113,1.8700000000000075e-06,0,0,28249.06850978732,3741,True,True,3741,4,1,3,1,1,
eb9e9f39239f1fc2fe91,linear-unsat-0173,unsat,29,multi_unsat_core_feedback,complete,1,CERTIFIED_UNSAT,unsat,4,9.2e-05,9.008e-05,1.919999999999995e-06,0,0,1959.3151062726974,2576,True,True,2576,4,1,3,1,1,
eba188ec6a4dfadf9576,linear-sat-0192,sat,17,multi_generic_feedback,complete,1,CERTIFIED_SAT,sat,4,0.000638,0.0006364999999999999,1.5000000000000907e-06,0,0,43402.12189313024,5930,True,True,5930,4,1,3,1,1,
ebe3be9e4aa5f7e58509,linear-sat-0274,sat,29,multi_generic_feedback,complete,1,CERTIFIED_SAT,sat,4,0.001004,0.00100224,1.759999999999956e-06,0,0,41501.95750128478,9088,True,True,9088,4,1,3,1,1,
ec33f4d384c71557ea09,linear-sat-0039,sat,17,multi_no_feedback,complete,1,CERTIFIED_SAT,sat,4,0.000647,0.0006457100000000001,1.2899999999999284e-06,0,0,35080.52310720086,6087,True,True,6087,4,1,3,1,1,
ec6fcec3f6c8a76176e4,linear-sat-0121,sat,29,multi_generic_feedback,complete,1,CERTIFIED_SAT,sat,4,0.000863,0.0008599500000000001,3.049999999999993e-06,0,0,41697.96773977578,7735,True,True,7735,4,2,2,1,1,
ed1d70a76c1dd8b23c2c,linear-sat-0068,sat,17,cd_vgs_core_rank,complete,1,CERTIFIED_SAT,sat,4,0.00048,0.00047834,1.6600000000000078e-06,0,0,25508.844594471157,5058,True,True,5058,4,1,3,1,1,
ed662ca742a4887a2b05,linear-sat-0220,sat,43,multi_no_feedback,complete,1,CERTIFIED_SAT,sat,4,0.000492,0.00048956,2.4400000000000376e-06,0,0,30223.943300545216,4972,True,True,4972,4,1,3,1,1,
ed7ce2f6ff94a215d326,linear-sat-0197,sat,17,multi_no_feedback,stopped,0,,,10,0.00288,0.0028759999999999997,4.000000000000531e-06,0,0,157712.15646062046,,False,False,,,,,,,StudyStopped
ed9fd2fffa2ef2adc573,linear-sat-0261,sat,43,cd_vgs_core_rank,complete,1,CERTIFIED_SAT,sat,8,0.002158,0.00215315,4.850000000000253e-06,0,0,127464.3039740622,19535,True,True,19535,8,6,2,1,2,
ee2530f01ae58a4d6e86,linear-unsat-0053,unsat,43,one_shot,complete,1,CERTIFIED_UNSAT,unsat,1,2.3e-05,2.266e-05,3.4000000000000013e-07,0,0,501.1480860412121,642,True,True,642,1,1,0,1,1,
ee26385b84fc658ebfc7,linear-unsat-0026,unsat,43,multi_no_feedback,complete,1,CERTIFIED_UNSAT,unsat,4,7.6e-05,7.306e-05,2.940000000000009e-06,0,0,2129.3982975184917,2002,True,True,2002,4,1,3,1,1,
ee7d1bd70f9b33572977,linear-sat-0083,sat,29,multi_generic_feedback,complete,1,CERTIFIED_SAT,sat,4,0.00038,0.00037758000000000003,2.4199999999999938e-06,0,0,20284.586074762046,3926,True,True,3926,4,1,3,1,1,
eea711f19131e2bf2f70,linear-unsat-0146,unsat,29,multi_unsat_core_feedback,complete,1,CERTIFIED_UNSAT,unsat,4,7.2e-05,6.983e-05,2.1700000000000012e-06,0,0,1911.5349585190415,1891,True,True,1891,4,1,3,1,1,
eef114cafc72820c28db,linear-sat-0292,sat,43,multi_unsat_core_feedback,complete,1,CERTIFIED_SAT,sat,4,0.000341,0.00033915,1.8500000000000179e-06,0,0,20255.757780745625,3495,True,True,3495,4,1,3,1,1,
efd2e35d2891c22e612c,linear-unsat-0010,unsat,43,one_shot,complete,1,CERTIFIED_UNSAT,unsat,1,2.1e-05,2.036e-05,6.399999999999973e-07,0,0,992.0021407306194,572,True,True,572,1,1,0,1,1,
f0a5e9c12e226ec77870,linear-unsat-0167,unsat,17,multi_no_feedback,complete,1,CERTIFIED_UNSAT,unsat,4,6.4e-05,6.324e-05,7.599999999999995e-07,0,0,2596.124256029725,1668,True,True,1668,4,1,3,1,1,
f0c9ff9458a95cd76106,linear-unsat-0056,unsat,17,cd_vgs_core_rank,complete,1,CERTIFIED_UNSAT,unsat,4,7.6e-05,7.449e-05,1.5100000000000042e-06,0,0,2174.7415978461504,2013,True,True,2013,4,1,3,1,1,
f14f764de2c86c4a34d6,linear-sat-0280,sat,43,one_shot,complete,1,CERTIFIED_SAT,sat,1,0.00023,0.0002291,8.999999999999948e-07,0,0,14304.055653512478,2110,True,True,2110,1,1,0,1,1,
f155264e6dab84962370,linear-sat-0022,sat,29,multi_no_feedback,complete,0,BUDGET_EXCEEDED,,16,0.004509,0.00450595,3.0500000000001012e-06,0,0,270304.66578155756,41455,True,True,41455,16,16,0,1,4,
f15e5b5dd84150028c45,linear-sat-0039,sat,29,multi_unsat_core_feedback,complete,1,CERTIFIED_SAT,sat,4,0.000665,0.00066235,2.649999999999983e-06,0,0,36275.13686846942,6215,True,True,6215,4,1,3,1,1,
f16fe75aa5c9ba80ea80,linear-sat-0242,sat,43,multi_no_feedback,complete,0,BUDGET_EXCEEDED,,16,0.004608,0.004601599999999999,6.400000000001023e-06,0,0,417680.37155177444,44160,True,True,44160,16,16,0,0,4,
f1a40a920d2386f9ba2e,linear-sat-0274,sat,17,multi_no_feedback,complete,1,CERTIFIED_SAT,sat,4,0.000801,0.0007997,1.2999999999999774e-06,0,0,43351.60789266229,7530,True,True,7530,4,1,3,1,1,
f257030cb7786604bf88,linear-sat-0054,sat,29,multi_unsat_core_feedback,complete,0,BUDGET_EXCEEDED,,16,0.004464,0.004457569999999999,6.430000000000845e-06,0,0,221569.8938127607,41729,True,True,41729,16,16,0,1,4,
f2c0553930fddec7aa7b,linear-unsat-0085,unsat,43,multi_generic_feedback,complete,1,CERTIFIED_UNSAT,unsat,4,6e-05,5.715e-05,2.8500000000000015e-06,0,0,3627.7988236397505,1455,True,True,1455,4,1,3,1,1,
f2e93376b9cb86356add,linear-unsat-0053,unsat,29,multi_unsat_core_feedback,complete,1,CERTIFIED_UNSAT,unsat,4,9.2e-05,9.012e-05,1.8800000000000023e-06,0,0,2919.1255290061235,2564,True,True,2564,4,1,3,1,1,
f2eb52401aa97bfb912d,linear-sat-0230,sat,29,cd_vgs_core_rank,complete,1,CERTIFIED_SAT,sat,4,0.000244,0.00024196,2.040000000000001e-06,0,0,23127.950510941446,2612,True,True,2612,4,1,3,1,1,
f32572bac45790470d2c,linear-sat-0028,sat,29,one_shot,complete,0,BUDGET_EXCEEDED,,1,0.000289,0.0002888,1.9999999999995065e-07,0,0,14769.880507141352,2800,True,True,2800,1,1,0,0,1,
f35e07a2a4ccb27e4419,linear-unsat-0056,unsat,29,cd_vgs_core_rank,complete,1,CERTIFIED_UNSAT,unsat,4,7.6e-05,7.462e-05,1.3800000000000037e-06,0,0,2466.187891550362,2014,True,True,2014,4,1,3,1,1,
f35f9a19387b4071805b,linear-unsat-0125,unsat,43,one_shot,complete,1,CERTIFIED_UNSAT,unsat,1,2.6e-05,2.505e-05,9.499999999999994e-07,0,0,432.1590382605791,725,True,True,725,1,1,0,1,1,
f3767661309591e52c1d,linear-sat-0263,sat,17,multi_no_feedback,complete,0,BUDGET_EXCEEDED,,16,0.004512,0.004509440000000002,2.5599999999986744e-06,0,0,303326.1566851288,41088,True,True,41088,16,16,0,0,4,
f466d0db50aa03ce55c4,linear-sat-0192,sat,43,one_shot,complete,1,CERTIFIED_SAT,sat,1,0.00018,0.00017921,7.900000000000246e-07,0,0,8584.809192456305,1637,True,True,1637,1,1,0,1,1,
f471aa66e2e65e00038f,linear-sat-0057,sat,43,multi_unsat_core_feedback,stopped,0,,,7,0.001991,0.00198998,1.020000000000014e-06,0,0,124704.51196283102,,False,False,,,,,,,StudyStopped
f473bd57a2006c28683b,linear-unsat-0176,unsat,43,cd_vgs_core_rank,complete,1,CERTIFIED_UNSAT,unsat,4,8e-05,7.62e-05,3.800000000000011e-06,0,0,1959.9614841863513,2100,True,True,2100,4,1,3,1,1,
f4e61b88e144c4da75fb,linear-sat-0261,sat,17,cd_vgs_core_rank,complete,0,BUDGET_EXCEEDED,,16,0.004508,0.0044943199999999996,1.3680000000000289e-05,0,0,330999.5567565784,40584,True,True,40584,16,16,0,0,4,
f5056d383adf85913027,linear-sat-0186,sat,43,one_shot,complete,0,BUDGET_EXCEEDED,,1,0.000289,0.0002888,1.9999999999995065e-07,0,0,19874.247824773192,2800,True,True,2800,1,1,0,0,1,
f56fe13b006734cabfd8,linear-sat-0061,sat,29,one_shot,complete,1,CERTIFIED_SAT,sat,1,0.000206,0.00020533,6.700000000000054e-07,0,0,12309.935341589153,1881,True,True,1881,1,1,0,1,1,
f5a91f6b7635bc277590,linear-sat-0242,sat,17,one_shot,complete,0,BUDGET_EXCEEDED,,1,0.000288,0.0002876,4.000000000000097e-07,0,0,29273.540982045233,2760,True,True,2760,1,1,0,0,1,
f5d9057166f7ea107597,linear-sat-0063,sat,29,multi_generic_feedback,complete,1,CERTIFIED_SAT,sat,4,0.001096,0.00109538,6.200000000000042e-07,0,0,93121.57261744142,10026,True,True,10026,4,4,0,1,1,
f604d6769e4737e606b1,linear-unsat-0056,unsat,17,multi_generic_feedback,complete,1,CERTIFIED_UNSAT,unsat,4,7.6e-05,7.449e-05,1.5100000000000042e-06,0,0,1954.4518990442157,2013,True,True,2013,4,1,3,1,1,
f67722ae0e5b7279f34a,linear-sat-0242,sat,17,multi_no_feedback,complete,0,BUDGET_EXCEEDED,,16,0.004546,0.004539719999999999,6.280000000000868e-06,0,0,282987.06657160074,43684,True,True,43684,16,16,0,1,4,
f67fdaf7efc61e475dc8,linear-sat-0054,sat,43,multi_no_feedback,complete,1,CERTIFIED_SAT,sat,4,0.001125,0.00112447,5.299999999998882e-07,0,0,79738.66536282003,10459,True,True,10459,4,3,1,1,1,
f6be49b2f9c7e224966c,linear-sat-0220,sat,29,one_shot,complete,1,CERTIFIED_SAT,sat,1,0.000181,0.00018076,2.4000000000001125e-07,0,0,9305.07028568536,1692,True,True,1692,1,1,0,1,1,
f759169e24d1aaecc60f,linear-sat-0159,sat,43,cd_vgs_core_rank,stopped,0,,,11,0.003044,0.0030358500000000005,8.149999999999304e-06,0,0,187287.26543020457,,False,False,,,,,,,StudyStopped
f7b23fe496c5602eade2,linear-sat-0205,sat,29,multi_generic_feedback,complete,1,CERTIFIED_SAT,sat,4,0.001035,0.00103242,2.5799999999998567e-06,0,0,65161.36872116476,9394,True,True,9394,4,1,3,1,1,
f80203516452986f9e4e,linear-unsat-0044,unsat,17,one_shot,complete,1,CERTIFIED_UNSAT,unsat,1,2.8e-05,2.719e-05,8.100000000000007e-07,0,0,520.0609993189573,803,True,True,803,1,1,0,1,1,
f814ea9f7eb3ba08057a,linear-sat-0184,sat,43,multi_generic_feedback,complete,0,BUDGET_EXCEEDED,,16,0.004928,0.00421326,0.0007147400000000002,1,1,334117.6657350734,,False,False,38042,16,16,0,0,4,
f81de57f20253ee522e7,linear-unsat-0146,unsat,43,cd_vgs_core_rank,complete,1,CERTIFIED_UNSAT,unsat,4,7.2e-05,7.061e-05,1.3899999999999986e-06,0,0,2244.775541126728,1897,True,True,1897,4,1,3,1,1,
f8812c83e2d685f26229,linear-unsat-0010,unsat,29,multi_generic_feedback,complete,1,CERTIFIED_UNSAT,unsat,4,8.4e-05,8.157e-05,2.4299999999999886e-06,0,0,1986.8668103590608,2289,True,True,2289,4,1,3,1,1,
f8901396a8d03e1df727,linear-sat-0263,sat,17,cd_vgs_core_rank,stopped,0,,,4,0.00112,0.0011186500000000001,1.3499999999997889e-06,0,0,95172.02880140394,,False,False,,,,,,,StudyStopped
f9891cd1596559396676,linear-sat-0261,sat,29,multi_unsat_core_feedback,complete,0,BUDGET_EXCEEDED,,16,0.004374,0.00436094,1.3060000000000502e-05,0,0,218734.067321755,39558,True,True,39558,16,16,0,1,4,
f99e6d75affb6320ae21,linear-unsat-0145,unsat,29,multi_no_feedback,complete,1,CERTIFIED_UNSAT,unsat,4,6e-05,5.94e-05,6.00000000000001e-07,0,0,1901.0902838781476,1540,True,True,1540,4,1,3,1,1,
f9c4c581122b00a00fd6,linear-unsat-0166,unsat,43,one_shot,complete,1,CERTIFIED_UNSAT,unsat,1,1.5e-05,1.497e-05,2.999999999999971e-08,0,0,415.44155590236187,389,True,True,389,1,1,0,1,1,
fa3a5cb0d0e518815e78,linear-sat-0156,sat,29,one_shot,complete,1,CERTIFIED_SAT,sat,1,7.2e-05,7.181e-05,1.899999999999965e-07,0,0,3282.2701893746853,757,True,True,757,1,1,0,1,1,
fa53785d693be96913a8,linear-sat-0220,sat,29,multi_generic_feedback,complete,1,CERTIFIED_SAT,sat,4,0.000773,0.0007711399999999999,1.860000000000121e-06,0,0,48401.07015427202,7138,True,True,7138,4,1,3,1,1,
fad0f065f94fcb7537b1,linear-sat-0159,sat,17,cd_vgs_core_rank,complete,0,BUDGET_EXCEEDED,,16,0.004341,0.00432812,1.2879999999999836e-05,0,0,375264.7964563221,41764,True,True,41764,16,16,0,1,4,
fb5fd4220eb2a9e69cda,linear-sat-0205,sat,17,multi_no_feedback,complete,0,BUDGET_EXCEEDED,,16,0.004496,0.004486400000000001,9.599999999999366e-06,0,0,244940.80821983516,40320,True,True,40320,16,16,0,0,4,
fb81f10758e751ba4017,linear-unsat-0165,unsat,29,cd_vgs_core_rank,complete,1,CERTIFIED_UNSAT,unsat,4,6.1e-05,5.8490000000000004e-05,2.5099999999999946e-06,0,0,1842.8710205480456,1533,True,True,1533,4,1,3,1,1,
fcfc1691cd5fb07517a3,linear-sat-0031,sat,29,cd_vgs_core_rank,complete,0,BUDGET_EXCEEDED,unsat,16,0.004202,0.00418982,1.2179999999999656e-05,0,0,220618.7854912132,40694,True,True,40694,16,16,0,5,4,
fdf10f1f0e62b55605be,linear-sat-0121,sat,17,cd_vgs_core_rank,complete,1,CERTIFIED_SAT,sat,8,0.002101,0.0020962999999999997,4.700000000000277e-06,0,0,100275.74652247131,18430,True,True,18430,8,7,1,3,2,
fe1cc070e5dcd11fadeb,linear-unsat-0167,unsat,43,multi_unsat_core_feedback,complete,1,CERTIFIED_UNSAT,unsat,4,6.4e-05,6.324e-05,7.599999999999995e-07,0,0,1849.4401993229985,1668,True,True,1668,4,1,3,1,1,
fe6fe3ac0b01e0b2c340,linear-sat-0121,sat,43,multi_generic_feedback,complete,1,CERTIFIED_SAT,sat,12,0.00313,0.0031241100000000003,5.889999999999715e-06,0,0,165354.28023152053,27527,True,True,27527,12,11,1,3,3,
feb5d2b375f4b636860f,linear-sat-0184,sat,17,cd_vgs_core_rank,complete,1,CERTIFIED_SAT,sat,4,0.001022,0.0010202,1.7999999999999353e-06,0,0,70276.85757074505,9300,True,True,9300,4,3,1,1,1,
ffbf8dbd0cf3af3694a5,linear-sat-0205,sat,43,multi_no_feedback,complete,1,CERTIFIED_SAT,sat,8,0.002243,0.00223865,4.350000000000187e-06,0,0,133348.8482842222,20125,True,True,20125,8,7,1,1,2,
